relative_path,sha256,file_size_bytes,phase,status
results/data/fund_returns.csv,95336566ebf03f91bc702d790745a3b0bd92d0476c7c971e359336e54b085e2d,1779532,phase1,frozen_before_streamlit
results/data/fund_weights.csv,8e58e3d00714d63df499d46ed344afe1809ef5bcec555be9acacd8abbff324ef,1596050,phase1,frozen_before_streamlit
results/tables/performance_metrics.csv,e3d5e5c9117accf5956993173304f6a13be504e2f33eb79fd3029713dfabf0d3,3238,phase1,frozen_before_streamlit
results/tables/optimisation_diagnostics.csv,23b0d9dd3ab2426cf561845e1a8ad6baa819f73334ce1df33e9da9da38bd0ea7,82527,phase1,frozen_before_streamlit
results/tables/portfolio_turnover.csv,c656f99e24075dd55b832dd4772d8d861f4e96c472b783f2ee50ec98cb6920ca,31564,phase1,frozen_before_streamlit
results/tables/asset_class_exposure.csv,28ecb252e729b5c0f90a5003cc09f06146bf12346fbe1f6ad362902b29f935f6,30245,phase1,frozen_before_streamlit
results/tables/first_live_dates.csv,10bf4465535109c0a180861a16000acc7cb82848b85438df3dff8313f5816a40,605,phase1,frozen_before_streamlit
results/data/headline_sentiment_scores.csv,e101ec0370934fcf40c76389c3d5af897e92e66c71d31a02d486b441f3b7cb96,45327317,phase2a,frozen_before_streamlit
results/data/ticker_day_sentiment.csv,15bccb607caf15615343c22d7203f1015af4a783bf81dd437488c39b4cd1d413,3017800,phase2a,frozen_before_streamlit
results/data/sector_sentiment_index.csv,205c10588690cc26d74a8f7b0d529a3d966d05787ca09b399a8e437c0b94107b,1456429,phase2a,frozen_before_streamlit
results/tables/sentiment_sector_month_diagnostics.csv,a210577a39a69055d770274098323f5c9d63b4ca1bab717bf2c2170dd07448fe,73782,phase2a,frozen_before_streamlit
results/tables/sentiment_candidate_cases.csv,55085588aed703ee6787289aa91084005ce7fdc68bb05a7c9dcf4266dea563db,15132,phase2a,frozen_before_streamlit
results/tables/sentiment_weighting_comparison.csv,b46c3bffe525c50966db11c49a00ca666d3fe9928ec187e2d2d3e01fa415307b,1089112,phase2a,frozen_before_streamlit
results/tables/sentiment_weighting_disagreements.csv,caa7cd52aacd3da6f2f762199e168686ed308e36338aaf36685dd432d31eb52d,12323,phase2a,frozen_before_streamlit
results/tables/sentiment_constituent_influence.csv,2fd3ea718c6c48f77a07361b2979643045017e329c8a4cbe7a0bfa4481fddb09,4093,phase2a,frozen_before_streamlit
results/tables/sentiment_constituent_influence_events.csv,b5b0d7251824fe38d5f0bc0a36c59d4d28b83d84dbd6aa3c3e04705cb646d42a,8049,phase2a,frozen_before_streamlit
results/tables/sentiment_disagreement_examples.csv,17a547f3aa1d2fc13d537f51336916e5197844391269e2604c778f298c82d1fa,3357,phase2a,frozen_before_streamlit
results/tables/sentiment_carryover_diagnostic.csv,5fd3b09c12ea41de61b5231c6297ab3044407dc86e18e8674d848129b2e08b08,2121,phase2a,frozen_before_streamlit
results/tables/sentiment_vader_failure_taxonomy.csv,f3d72fba0f451f0a5ef907d21802825d9a1d6ee32cf6561e40db798fc5a1a116,3152,phase2a,frozen_before_streamlit
results/tables/sentiment_return_validation.csv,e4e9abb31062caf1252b15821e87a2a3f83f0b197dee173f4505174f9de3ac6d,2283,phase2a,frozen_before_streamlit
results/tables/sentiment_temporal_stability.csv,5d54cf1e5b0eea91deb454115377f38b9aadbaebc9eec7778ef243b5911e4496,4240,phase2a,frozen_before_streamlit
results/tables/sentiment_innovation_reconnaissance.csv,c7a9adb7b5f5537b8140f29e934d87aefa40e0dc50cd98bd137874944654923e,2199,phase2a,frozen_before_streamlit
results/tables/sentiment_insight_register.csv,058efa57cd7e460cbb5468d4c666738c52e29acfe2f85a7a6857980cb21f8f49,3259,phase2a,frozen_before_streamlit
results/data/sector_sentiment_confidence.csv,519cede5a381e9c891148012e3a353963ee0ba685fbdb2ccb02ed77ca4e8c324,101853,phase2b,frozen_before_streamlit
results/data/fusion_returns.csv,57c91e77a3683c0f2b68f05a14228b45c1d462a7b3f47175b1639698f846d069,1942338,phase2b,frozen_before_streamlit
results/data/fusion_weights.csv,f5986b3e15568906e6cc5d34a7589a7b1bcf97579d2fbace05b3084076994537,7003090,phase2b,frozen_before_streamlit
results/tables/sentiment_fusion_comparison.csv,9c9008d6b9b8a08f83828430ad17973ae5a0ad5d6ba331492b6ccf986094d3bd,11102,phase2b,frozen_before_streamlit
results/tables/confidence_lens_summary.csv,284f3aabd9c0a51bfb85a6773ed1e764f87bf641f35760c4f26dc30dbcf2c3e4,1588,phase2b,frozen_before_streamlit
results/tables/confidence_lens_attenuation_cases.csv,80776e09fd7f11513ab871bd84677596fe63881a3fccf91e3c8176c8fa9f39f3,1528,phase2b,frozen_before_streamlit
results/tables/fusion_sensitivity_analysis.csv,1a2348b17cce1a5f83663e5740983ace65290971d904ac0e5f6d3a45eb909b6b,5394,phase2b,frozen_before_streamlit
results/figures/fusion_growth_min_variance.png,5ca6367069bdfad984ca5e8c4035bf0492b8cbfb12d7ccba9ae98f45ba7b28d0,157475,phase2b,frozen_before_streamlit
results/figures/fusion_performance_comparison.png,7e0416a5d8e5338d765a1b79ef9ae6c9db15d621211e9406f7924c60b56d0941,64485,phase2b,frozen_before_streamlit
results/figures/confidence_lens_decomposition.png,ee2fb87d43cf70d0789b63c46d8c1655de6098086fed04dea9e33855221d42a4,120738,phase2b,frozen_before_streamlit
results/figures/confidence_lens_attenuation_case.png,a7a922e9b6d53647213808c0067e9a15430f01613e6e8bd56f4e2fb35b9aec46,41388,phase2b,frozen_before_streamlit
src/etl.py,3f98018705da8cd944bf0e5c8823b7656e7a333505583feb6c06e08e8f771325,14016,core_source,frozen_before_streamlit
src/features.py,593b864c0c799c14c3f01c3cf43de46594183ab5525ac9dae2f88e1e33935358,10320,core_source,frozen_before_streamlit
src/portfolios.py,a3e85e23101aa12bcd64d5fde220001ee48f62d2a886264741750434476f81b6,25248,core_source,frozen_before_streamlit
src/sentiment.py,845da12d5b9b3fa328bbbc99e02345bb87b7b2c973f4f6ed18dc179f36640ce6,46681,core_source,frozen_before_streamlit
src/fusion.py,fed5d52ed201aee17ede890deaa9a23564d80ba5ad623dec6c73334c49d649cb,40423,core_source,frozen_before_streamlit
