date,fund_family,method,method_type,asset_class,exposure
2021-01-04,Combined,Equal Weight,benchmark,crypto,0.16666666666666666
2021-01-04,Combined,Equal Weight,benchmark,equity,0.8333333333333334
2021-02-01,Combined,Equal Weight,benchmark,crypto,0.16666666666666666
2021-02-01,Combined,Equal Weight,benchmark,equity,0.8333333333333334
2021-03-01,Combined,Equal Weight,benchmark,crypto,0.16666666666666666
2021-03-01,Combined,Equal Weight,benchmark,equity,0.8333333333333334
2021-04-01,Combined,Equal Weight,benchmark,crypto,0.16666666666666666
2021-04-01,Combined,Equal Weight,benchmark,equity,0.8333333333333334
2021-05-03,Combined,Equal Weight,benchmark,crypto,0.16666666666666666
2021-05-03,Combined,Equal Weight,benchmark,equity,0.8333333333333334
2021-06-01,Combined,Equal Weight,benchmark,crypto,0.16666666666666666
2021-06-01,Combined,Equal Weight,benchmark,equity,0.8333333333333334
2021-07-01,Combined,Equal Weight,benchmark,crypto,0.16666666666666666
2021-07-01,Combined,Equal Weight,benchmark,equity,0.8333333333333334
2021-08-02,Combined,Equal Weight,benchmark,crypto,0.16666666666666666
2021-08-02,Combined,Equal Weight,benchmark,equity,0.8333333333333334
2021-09-01,Combined,Equal Weight,benchmark,crypto,0.16666666666666666
2021-09-01,Combined,Equal Weight,benchmark,equity,0.8333333333333334
2021-10-01,Combined,Equal Weight,benchmark,crypto,0.16666666666666666
2021-10-01,Combined,Equal Weight,benchmark,equity,0.8333333333333334
2021-11-01,Combined,Equal Weight,benchmark,crypto,0.16666666666666666
2021-11-01,Combined,Equal Weight,benchmark,equity,0.8333333333333334
2021-12-01,Combined,Equal Weight,benchmark,crypto,0.16666666666666666
2021-12-01,Combined,Equal Weight,benchmark,equity,0.8333333333333334
2022-01-03,Combined,Equal Weight,benchmark,crypto,0.16666666666666666
2022-01-03,Combined,Equal Weight,benchmark,equity,0.8333333333333334
2022-02-01,Combined,Equal Weight,benchmark,crypto,0.16666666666666666
2022-02-01,Combined,Equal Weight,benchmark,equity,0.8333333333333334
2022-03-01,Combined,Equal Weight,benchmark,crypto,0.16666666666666666
2022-03-01,Combined,Equal Weight,benchmark,equity,0.8333333333333334
2022-04-01,Combined,Equal Weight,benchmark,crypto,0.16666666666666666
2022-04-01,Combined,Equal Weight,benchmark,equity,0.8333333333333334
2022-05-02,Combined,Equal Weight,benchmark,crypto,0.16666666666666666
2022-05-02,Combined,Equal Weight,benchmark,equity,0.8333333333333334
2022-06-01,Combined,Equal Weight,benchmark,crypto,0.16666666666666666
2022-06-01,Combined,Equal Weight,benchmark,equity,0.8333333333333334
2022-07-01,Combined,Equal Weight,benchmark,crypto,0.16666666666666666
2022-07-01,Combined,Equal Weight,benchmark,equity,0.8333333333333334
2022-08-01,Combined,Equal Weight,benchmark,crypto,0.16666666666666666
2022-08-01,Combined,Equal Weight,benchmark,equity,0.8333333333333334
2022-09-01,Combined,Equal Weight,benchmark,crypto,0.16666666666666666
2022-09-01,Combined,Equal Weight,benchmark,equity,0.8333333333333334
2022-10-03,Combined,Equal Weight,benchmark,crypto,0.16666666666666666
2022-10-03,Combined,Equal Weight,benchmark,equity,0.8333333333333334
2022-11-01,Combined,Equal Weight,benchmark,crypto,0.16666666666666666
2022-11-01,Combined,Equal Weight,benchmark,equity,0.8333333333333334
2022-12-01,Combined,Equal Weight,benchmark,crypto,0.16666666666666666
2022-12-01,Combined,Equal Weight,benchmark,equity,0.8333333333333334
2023-01-03,Combined,Equal Weight,benchmark,crypto,0.16666666666666666
2023-01-03,Combined,Equal Weight,benchmark,equity,0.8333333333333334
2023-02-01,Combined,Equal Weight,benchmark,crypto,0.16666666666666666
2023-02-01,Combined,Equal Weight,benchmark,equity,0.8333333333333334
2023-03-01,Combined,Equal Weight,benchmark,crypto,0.16666666666666666
2023-03-01,Combined,Equal Weight,benchmark,equity,0.8333333333333334
2023-04-03,Combined,Equal Weight,benchmark,crypto,0.16666666666666666
2023-04-03,Combined,Equal Weight,benchmark,equity,0.8333333333333334
2023-05-01,Combined,Equal Weight,benchmark,crypto,0.16666666666666666
2023-05-01,Combined,Equal Weight,benchmark,equity,0.8333333333333334
2023-06-01,Combined,Equal Weight,benchmark,crypto,0.16666666666666666
2023-06-01,Combined,Equal Weight,benchmark,equity,0.8333333333333334
2023-07-03,Combined,Equal Weight,benchmark,crypto,0.16666666666666666
2023-07-03,Combined,Equal Weight,benchmark,equity,0.8333333333333334
2023-08-01,Combined,Equal Weight,benchmark,crypto,0.16666666666666666
2023-08-01,Combined,Equal Weight,benchmark,equity,0.8333333333333334
2023-09-01,Combined,Equal Weight,benchmark,crypto,0.16666666666666666
2023-09-01,Combined,Equal Weight,benchmark,equity,0.8333333333333334
2023-10-02,Combined,Equal Weight,benchmark,crypto,0.16666666666666666
2023-10-02,Combined,Equal Weight,benchmark,equity,0.8333333333333334
2023-11-01,Combined,Equal Weight,benchmark,crypto,0.16666666666666666
2023-11-01,Combined,Equal Weight,benchmark,equity,0.8333333333333334
2023-12-01,Combined,Equal Weight,benchmark,crypto,0.16666666666666666
2023-12-01,Combined,Equal Weight,benchmark,equity,0.8333333333333334
2021-01-04,Combined,Maximum Sharpe,optimisation,crypto,0.6350872416844663
2021-01-04,Combined,Maximum Sharpe,optimisation,equity,0.36491275831553377
2021-02-01,Combined,Maximum Sharpe,optimisation,crypto,0.5916546982492967
2021-02-01,Combined,Maximum Sharpe,optimisation,equity,0.4083453017507034
2021-03-01,Combined,Maximum Sharpe,optimisation,crypto,0.5349282842705643
2021-03-01,Combined,Maximum Sharpe,optimisation,equity,0.4650717157294359
2021-04-01,Combined,Maximum Sharpe,optimisation,crypto,0.3321216713658071
2021-04-01,Combined,Maximum Sharpe,optimisation,equity,0.6678783286341928
2021-05-03,Combined,Maximum Sharpe,optimisation,crypto,0.2161480668022322
2021-05-03,Combined,Maximum Sharpe,optimisation,equity,0.7838519331977677
2021-06-01,Combined,Maximum Sharpe,optimisation,crypto,0.09515895835197835
2021-06-01,Combined,Maximum Sharpe,optimisation,equity,0.9048410416480219
2021-07-01,Combined,Maximum Sharpe,optimisation,crypto,0.0519827410488102
2021-07-01,Combined,Maximum Sharpe,optimisation,equity,0.9480172589511899
2021-08-02,Combined,Maximum Sharpe,optimisation,crypto,0.05080466422097733
2021-08-02,Combined,Maximum Sharpe,optimisation,equity,0.9491953357790226
2021-09-01,Combined,Maximum Sharpe,optimisation,crypto,0.05866571960817214
2021-09-01,Combined,Maximum Sharpe,optimisation,equity,0.941334280391828
2021-10-01,Combined,Maximum Sharpe,optimisation,crypto,0.06255005957064359
2021-10-01,Combined,Maximum Sharpe,optimisation,equity,0.9374499404293565
2021-11-01,Combined,Maximum Sharpe,optimisation,crypto,0.037050526757020044
2021-11-01,Combined,Maximum Sharpe,optimisation,equity,0.9629494732429802
2021-12-01,Combined,Maximum Sharpe,optimisation,crypto,0.02626497577142327
2021-12-01,Combined,Maximum Sharpe,optimisation,equity,0.9737350242285768
2022-01-03,Combined,Maximum Sharpe,optimisation,crypto,0.02089876039671113
2022-01-03,Combined,Maximum Sharpe,optimisation,equity,0.9791012396032889
2022-02-01,Combined,Maximum Sharpe,optimisation,crypto,0.017188894589673116
2022-02-01,Combined,Maximum Sharpe,optimisation,equity,0.9828111054103271
2022-03-01,Combined,Maximum Sharpe,optimisation,crypto,0.02148703428500862
2022-03-01,Combined,Maximum Sharpe,optimisation,equity,0.9785129657149914
2022-04-01,Combined,Maximum Sharpe,optimisation,crypto,0.018587208005122664
2022-04-01,Combined,Maximum Sharpe,optimisation,equity,0.9814127919948772
2022-05-02,Combined,Maximum Sharpe,optimisation,crypto,1.2393186146868789e-15
2022-05-02,Combined,Maximum Sharpe,optimisation,equity,0.9999999999999986
2022-06-01,Combined,Maximum Sharpe,optimisation,crypto,9.496957866150555e-15
2022-06-01,Combined,Maximum Sharpe,optimisation,equity,0.9999999999999906
2022-07-01,Combined,Maximum Sharpe,optimisation,crypto,1.1144009348894228e-14
2022-07-01,Combined,Maximum Sharpe,optimisation,equity,0.9999999999999889
2022-08-01,Combined,Maximum Sharpe,optimisation,crypto,1.7850655471977172e-15
2022-08-01,Combined,Maximum Sharpe,optimisation,equity,0.9999999999999981
2022-09-01,Combined,Maximum Sharpe,optimisation,crypto,4.3765660027084293e-16
2022-09-01,Combined,Maximum Sharpe,optimisation,equity,0.9999999999999997
2022-10-03,Combined,Maximum Sharpe,optimisation,crypto,4.684881118498432e-16
2022-10-03,Combined,Maximum Sharpe,optimisation,equity,0.9999999999999997
2022-11-01,Combined,Maximum Sharpe,optimisation,crypto,4.0760961531862155e-15
2022-11-01,Combined,Maximum Sharpe,optimisation,equity,0.9999999999999958
2022-12-01,Combined,Maximum Sharpe,optimisation,crypto,7.903450676512889e-16
2022-12-01,Combined,Maximum Sharpe,optimisation,equity,0.9999999999999991
2023-01-03,Combined,Maximum Sharpe,optimisation,crypto,2.7244135743226278e-15
2023-01-03,Combined,Maximum Sharpe,optimisation,equity,0.9999999999999971
2023-02-01,Combined,Maximum Sharpe,optimisation,crypto,6.097121037335852e-16
2023-02-01,Combined,Maximum Sharpe,optimisation,equity,0.9999999999999993
2023-03-01,Combined,Maximum Sharpe,optimisation,crypto,2.3834461401240744e-15
2023-03-01,Combined,Maximum Sharpe,optimisation,equity,0.9999999999999978
2023-04-03,Combined,Maximum Sharpe,optimisation,crypto,6.160952672025747e-14
2023-04-03,Combined,Maximum Sharpe,optimisation,equity,0.9999999999999384
2023-05-01,Combined,Maximum Sharpe,optimisation,crypto,0.0
2023-05-01,Combined,Maximum Sharpe,optimisation,equity,1.0
2023-06-01,Combined,Maximum Sharpe,optimisation,crypto,0.09486170276956628
2023-06-01,Combined,Maximum Sharpe,optimisation,equity,0.9051382972304337
2023-07-03,Combined,Maximum Sharpe,optimisation,crypto,0.07660883652780569
2023-07-03,Combined,Maximum Sharpe,optimisation,equity,0.9233911634721943
2023-08-01,Combined,Maximum Sharpe,optimisation,crypto,0.08788084925539533
2023-08-01,Combined,Maximum Sharpe,optimisation,equity,0.9121191507446048
2023-09-01,Combined,Maximum Sharpe,optimisation,crypto,0.06389764060941636
2023-09-01,Combined,Maximum Sharpe,optimisation,equity,0.9361023593905836
2023-10-02,Combined,Maximum Sharpe,optimisation,crypto,0.05625745143094073
2023-10-02,Combined,Maximum Sharpe,optimisation,equity,0.9437425485690593
2023-11-01,Combined,Maximum Sharpe,optimisation,crypto,0.09453328263883774
2023-11-01,Combined,Maximum Sharpe,optimisation,equity,0.9054667173611622
2023-12-01,Combined,Maximum Sharpe,optimisation,crypto,0.14809758528382602
2023-12-01,Combined,Maximum Sharpe,optimisation,equity,0.851902414716174
2021-01-04,Combined,Minimum Variance,optimisation,crypto,7.732271123225491e-18
2021-01-04,Combined,Minimum Variance,optimisation,equity,1.0
2021-02-01,Combined,Minimum Variance,optimisation,crypto,3.1837911527992883e-18
2021-02-01,Combined,Minimum Variance,optimisation,equity,1.0
2021-03-01,Combined,Minimum Variance,optimisation,crypto,3.707771528989471e-18
2021-03-01,Combined,Minimum Variance,optimisation,equity,1.0000000000000002
2021-04-01,Combined,Minimum Variance,optimisation,crypto,0.014816416382213133
2021-04-01,Combined,Minimum Variance,optimisation,equity,0.9851835836177869
2021-05-03,Combined,Minimum Variance,optimisation,crypto,0.015386969007004403
2021-05-03,Combined,Minimum Variance,optimisation,equity,0.9846130309929956
2021-06-01,Combined,Minimum Variance,optimisation,crypto,0.004194284650630919
2021-06-01,Combined,Minimum Variance,optimisation,equity,0.995805715349369
2021-07-01,Combined,Minimum Variance,optimisation,crypto,0.007395040002174146
2021-07-01,Combined,Minimum Variance,optimisation,equity,0.9926049599978258
2021-08-02,Combined,Minimum Variance,optimisation,crypto,0.00703319813634647
2021-08-02,Combined,Minimum Variance,optimisation,equity,0.9929668018636536
2021-09-01,Combined,Minimum Variance,optimisation,crypto,0.007423317355207118
2021-09-01,Combined,Minimum Variance,optimisation,equity,0.9925766826447928
2021-10-01,Combined,Minimum Variance,optimisation,crypto,2.312626413252022e-18
2021-10-01,Combined,Minimum Variance,optimisation,equity,1.0
2021-11-01,Combined,Minimum Variance,optimisation,crypto,3.3529645650449245e-18
2021-11-01,Combined,Minimum Variance,optimisation,equity,1.0
2021-12-01,Combined,Minimum Variance,optimisation,crypto,2.699968154389102e-18
2021-12-01,Combined,Minimum Variance,optimisation,equity,1.0
2022-01-03,Combined,Minimum Variance,optimisation,crypto,2.0212366574841674e-18
2022-01-03,Combined,Minimum Variance,optimisation,equity,1.0
2022-02-01,Combined,Minimum Variance,optimisation,crypto,2.3217916088664605e-18
2022-02-01,Combined,Minimum Variance,optimisation,equity,0.9999999999999999
2022-03-01,Combined,Minimum Variance,optimisation,crypto,2.2821226993874395e-05
2022-03-01,Combined,Minimum Variance,optimisation,equity,0.9999771787730062
2022-04-01,Combined,Minimum Variance,optimisation,crypto,0.000856255351881248
2022-04-01,Combined,Minimum Variance,optimisation,equity,0.9991437446481188
2022-05-02,Combined,Minimum Variance,optimisation,crypto,4.247082486078063e-18
2022-05-02,Combined,Minimum Variance,optimisation,equity,1.0
2022-06-01,Combined,Minimum Variance,optimisation,crypto,0.010398235547431679
2022-06-01,Combined,Minimum Variance,optimisation,equity,0.9896017644525682
2022-07-01,Combined,Minimum Variance,optimisation,crypto,2.9253591248318057e-19
2022-07-01,Combined,Minimum Variance,optimisation,equity,1.0
2022-08-01,Combined,Minimum Variance,optimisation,crypto,1.5968764377362128e-18
2022-08-01,Combined,Minimum Variance,optimisation,equity,0.9999999999999999
2022-09-01,Combined,Minimum Variance,optimisation,crypto,2.8297545323009432e-18
2022-09-01,Combined,Minimum Variance,optimisation,equity,1.0000000000000002
2022-10-03,Combined,Minimum Variance,optimisation,crypto,1.076877792052449e-18
2022-10-03,Combined,Minimum Variance,optimisation,equity,1.0
2022-11-01,Combined,Minimum Variance,optimisation,crypto,0.005639159695761474
2022-11-01,Combined,Minimum Variance,optimisation,equity,0.9943608403042384
2022-12-01,Combined,Minimum Variance,optimisation,crypto,4.1066111228289383e-19
2022-12-01,Combined,Minimum Variance,optimisation,equity,1.0
2023-01-03,Combined,Minimum Variance,optimisation,crypto,0.0025869045671455485
2023-01-03,Combined,Minimum Variance,optimisation,equity,0.9974130954328545
2023-02-01,Combined,Minimum Variance,optimisation,crypto,0.004858194394933511
2023-02-01,Combined,Minimum Variance,optimisation,equity,0.9951418056050665
2023-03-01,Combined,Minimum Variance,optimisation,crypto,1.8791612908947015e-18
2023-03-01,Combined,Minimum Variance,optimisation,equity,1.0
2023-04-03,Combined,Minimum Variance,optimisation,crypto,1.1448194638996617e-18
2023-04-03,Combined,Minimum Variance,optimisation,equity,0.9999999999999998
2023-05-01,Combined,Minimum Variance,optimisation,crypto,1.90976350528375e-18
2023-05-01,Combined,Minimum Variance,optimisation,equity,1.0000000000000002
2023-06-01,Combined,Minimum Variance,optimisation,crypto,3.825357761186058e-18
2023-06-01,Combined,Minimum Variance,optimisation,equity,1.0
2023-07-03,Combined,Minimum Variance,optimisation,crypto,0.025152138494099266
2023-07-03,Combined,Minimum Variance,optimisation,equity,0.9748478615059007
2023-08-01,Combined,Minimum Variance,optimisation,crypto,0.02390722486051827
2023-08-01,Combined,Minimum Variance,optimisation,equity,0.9760927751394818
2023-09-01,Combined,Minimum Variance,optimisation,crypto,0.021902934623052595
2023-09-01,Combined,Minimum Variance,optimisation,equity,0.9780970653769474
2023-10-02,Combined,Minimum Variance,optimisation,crypto,0.025877750095416284
2023-10-02,Combined,Minimum Variance,optimisation,equity,0.9741222499045837
2023-11-01,Combined,Minimum Variance,optimisation,crypto,0.004757389757776836
2023-11-01,Combined,Minimum Variance,optimisation,equity,0.9952426102422234
2023-12-01,Combined,Minimum Variance,optimisation,crypto,0.02461111343477915
2023-12-01,Combined,Minimum Variance,optimisation,equity,0.9753888865652209
2021-01-01,Crypto-only,Equal Weight,benchmark,crypto,1.0
2021-02-01,Crypto-only,Equal Weight,benchmark,crypto,1.0
2021-03-01,Crypto-only,Equal Weight,benchmark,crypto,1.0
2021-04-01,Crypto-only,Equal Weight,benchmark,crypto,1.0
2021-05-01,Crypto-only,Equal Weight,benchmark,crypto,1.0
2021-06-01,Crypto-only,Equal Weight,benchmark,crypto,1.0
2021-07-01,Crypto-only,Equal Weight,benchmark,crypto,1.0
2021-08-01,Crypto-only,Equal Weight,benchmark,crypto,1.0
2021-09-01,Crypto-only,Equal Weight,benchmark,crypto,1.0
2021-10-01,Crypto-only,Equal Weight,benchmark,crypto,1.0
2021-11-01,Crypto-only,Equal Weight,benchmark,crypto,1.0
2021-12-01,Crypto-only,Equal Weight,benchmark,crypto,1.0
2022-01-01,Crypto-only,Equal Weight,benchmark,crypto,1.0
2022-02-01,Crypto-only,Equal Weight,benchmark,crypto,1.0
2022-03-01,Crypto-only,Equal Weight,benchmark,crypto,1.0
2022-04-01,Crypto-only,Equal Weight,benchmark,crypto,1.0
2022-05-01,Crypto-only,Equal Weight,benchmark,crypto,1.0
2022-06-01,Crypto-only,Equal Weight,benchmark,crypto,1.0
2022-07-01,Crypto-only,Equal Weight,benchmark,crypto,1.0
2022-08-01,Crypto-only,Equal Weight,benchmark,crypto,1.0
2022-09-01,Crypto-only,Equal Weight,benchmark,crypto,1.0
2022-10-01,Crypto-only,Equal Weight,benchmark,crypto,1.0
2022-11-01,Crypto-only,Equal Weight,benchmark,crypto,1.0
2022-12-01,Crypto-only,Equal Weight,benchmark,crypto,1.0
2023-01-01,Crypto-only,Equal Weight,benchmark,crypto,1.0
2023-02-01,Crypto-only,Equal Weight,benchmark,crypto,1.0
2023-03-01,Crypto-only,Equal Weight,benchmark,crypto,1.0
2023-04-01,Crypto-only,Equal Weight,benchmark,crypto,1.0
2023-05-01,Crypto-only,Equal Weight,benchmark,crypto,1.0
2023-06-01,Crypto-only,Equal Weight,benchmark,crypto,1.0
2023-07-01,Crypto-only,Equal Weight,benchmark,crypto,1.0
2023-08-01,Crypto-only,Equal Weight,benchmark,crypto,1.0
2023-09-01,Crypto-only,Equal Weight,benchmark,crypto,1.0
2023-10-01,Crypto-only,Equal Weight,benchmark,crypto,1.0
2023-11-01,Crypto-only,Equal Weight,benchmark,crypto,1.0
2023-12-01,Crypto-only,Equal Weight,benchmark,crypto,1.0
2021-01-01,Crypto-only,Maximum Sharpe,optimisation,crypto,1.0
2021-02-01,Crypto-only,Maximum Sharpe,optimisation,crypto,1.0
2021-03-01,Crypto-only,Maximum Sharpe,optimisation,crypto,1.0000000000000002
2021-04-01,Crypto-only,Maximum Sharpe,optimisation,crypto,1.0
2021-05-01,Crypto-only,Maximum Sharpe,optimisation,crypto,1.0000000000000002
2021-06-01,Crypto-only,Maximum Sharpe,optimisation,crypto,1.0
2021-07-01,Crypto-only,Maximum Sharpe,optimisation,crypto,1.0
2021-08-01,Crypto-only,Maximum Sharpe,optimisation,crypto,1.0
2021-09-01,Crypto-only,Maximum Sharpe,optimisation,crypto,0.9999999999999999
2021-10-01,Crypto-only,Maximum Sharpe,optimisation,crypto,1.0
2021-11-01,Crypto-only,Maximum Sharpe,optimisation,crypto,1.0
2021-12-01,Crypto-only,Maximum Sharpe,optimisation,crypto,0.9999999999999999
2022-01-01,Crypto-only,Maximum Sharpe,optimisation,crypto,1.0000000000000002
2022-02-01,Crypto-only,Maximum Sharpe,optimisation,crypto,1.0
2022-03-01,Crypto-only,Maximum Sharpe,optimisation,crypto,1.0
2022-04-01,Crypto-only,Maximum Sharpe,optimisation,crypto,1.0
2022-05-01,Crypto-only,Maximum Sharpe,optimisation,crypto,0.9999999999999998
2022-06-01,Crypto-only,Maximum Sharpe,optimisation,crypto,1.0
2022-07-01,Crypto-only,Maximum Sharpe,optimisation,crypto,0.9999999999999999
2022-08-01,Crypto-only,Maximum Sharpe,optimisation,crypto,1.0000000000000002
2022-09-01,Crypto-only,Maximum Sharpe,optimisation,crypto,1.0
2022-10-01,Crypto-only,Maximum Sharpe,optimisation,crypto,1.0000000000000002
2022-11-01,Crypto-only,Maximum Sharpe,optimisation,crypto,0.9999999999999999
2022-12-01,Crypto-only,Maximum Sharpe,optimisation,crypto,1.0000000000000002
2023-01-01,Crypto-only,Maximum Sharpe,optimisation,crypto,1.0
2023-02-01,Crypto-only,Maximum Sharpe,optimisation,crypto,1.0000000000000002
2023-03-01,Crypto-only,Maximum Sharpe,optimisation,crypto,1.0
2023-04-01,Crypto-only,Maximum Sharpe,optimisation,crypto,1.0
2023-05-01,Crypto-only,Maximum Sharpe,optimisation,crypto,1.0000000000000002
2023-06-01,Crypto-only,Maximum Sharpe,optimisation,crypto,1.0
2023-07-01,Crypto-only,Maximum Sharpe,optimisation,crypto,1.0
2023-08-01,Crypto-only,Maximum Sharpe,optimisation,crypto,1.0
2023-09-01,Crypto-only,Maximum Sharpe,optimisation,crypto,1.0
2023-10-01,Crypto-only,Maximum Sharpe,optimisation,crypto,1.0000000000000002
2023-11-01,Crypto-only,Maximum Sharpe,optimisation,crypto,1.0
2023-12-01,Crypto-only,Maximum Sharpe,optimisation,crypto,1.0000000000000002
2021-01-01,Crypto-only,Minimum Variance,optimisation,crypto,0.9999999999999999
2021-02-01,Crypto-only,Minimum Variance,optimisation,crypto,1.0
2021-03-01,Crypto-only,Minimum Variance,optimisation,crypto,1.0
2021-04-01,Crypto-only,Minimum Variance,optimisation,crypto,1.0
2021-05-01,Crypto-only,Minimum Variance,optimisation,crypto,1.0
2021-06-01,Crypto-only,Minimum Variance,optimisation,crypto,0.9999999999999999
2021-07-01,Crypto-only,Minimum Variance,optimisation,crypto,1.0000000000000002
2021-08-01,Crypto-only,Minimum Variance,optimisation,crypto,1.0
2021-09-01,Crypto-only,Minimum Variance,optimisation,crypto,1.0
2021-10-01,Crypto-only,Minimum Variance,optimisation,crypto,1.0000000000000002
2021-11-01,Crypto-only,Minimum Variance,optimisation,crypto,0.9999999999999999
2021-12-01,Crypto-only,Minimum Variance,optimisation,crypto,1.0
2022-01-01,Crypto-only,Minimum Variance,optimisation,crypto,1.0
2022-02-01,Crypto-only,Minimum Variance,optimisation,crypto,0.9999999999999999
2022-03-01,Crypto-only,Minimum Variance,optimisation,crypto,0.9999999999999999
2022-04-01,Crypto-only,Minimum Variance,optimisation,crypto,0.9999999999999999
2022-05-01,Crypto-only,Minimum Variance,optimisation,crypto,1.0
2022-06-01,Crypto-only,Minimum Variance,optimisation,crypto,1.0000000000000002
2022-07-01,Crypto-only,Minimum Variance,optimisation,crypto,0.9999999999999999
2022-08-01,Crypto-only,Minimum Variance,optimisation,crypto,1.0
2022-09-01,Crypto-only,Minimum Variance,optimisation,crypto,1.0
2022-10-01,Crypto-only,Minimum Variance,optimisation,crypto,1.0
2022-11-01,Crypto-only,Minimum Variance,optimisation,crypto,1.0000000000000002
2022-12-01,Crypto-only,Minimum Variance,optimisation,crypto,1.0000000000000002
2023-01-01,Crypto-only,Minimum Variance,optimisation,crypto,1.0000000000000002
2023-02-01,Crypto-only,Minimum Variance,optimisation,crypto,1.0000000000000002
2023-03-01,Crypto-only,Minimum Variance,optimisation,crypto,1.0
2023-04-01,Crypto-only,Minimum Variance,optimisation,crypto,1.0000000000000002
2023-05-01,Crypto-only,Minimum Variance,optimisation,crypto,1.0
2023-06-01,Crypto-only,Minimum Variance,optimisation,crypto,1.0
2023-07-01,Crypto-only,Minimum Variance,optimisation,crypto,1.0000000000000002
2023-08-01,Crypto-only,Minimum Variance,optimisation,crypto,1.0
2023-09-01,Crypto-only,Minimum Variance,optimisation,crypto,1.0000000000000002
2023-10-01,Crypto-only,Minimum Variance,optimisation,crypto,1.0
2023-11-01,Crypto-only,Minimum Variance,optimisation,crypto,0.9999999999999999
2023-12-01,Crypto-only,Minimum Variance,optimisation,crypto,0.9999999999999999
2021-01-04,Equity-only,Equal Weight,benchmark,equity,1.0
2021-02-01,Equity-only,Equal Weight,benchmark,equity,1.0
2021-03-01,Equity-only,Equal Weight,benchmark,equity,1.0
2021-04-01,Equity-only,Equal Weight,benchmark,equity,1.0
2021-05-03,Equity-only,Equal Weight,benchmark,equity,1.0
2021-06-01,Equity-only,Equal Weight,benchmark,equity,1.0
2021-07-01,Equity-only,Equal Weight,benchmark,equity,1.0
2021-08-02,Equity-only,Equal Weight,benchmark,equity,1.0
2021-09-01,Equity-only,Equal Weight,benchmark,equity,1.0
2021-10-01,Equity-only,Equal Weight,benchmark,equity,1.0
2021-11-01,Equity-only,Equal Weight,benchmark,equity,1.0
2021-12-01,Equity-only,Equal Weight,benchmark,equity,1.0
2022-01-03,Equity-only,Equal Weight,benchmark,equity,1.0
2022-02-01,Equity-only,Equal Weight,benchmark,equity,1.0
2022-03-01,Equity-only,Equal Weight,benchmark,equity,1.0
2022-04-01,Equity-only,Equal Weight,benchmark,equity,1.0
2022-05-02,Equity-only,Equal Weight,benchmark,equity,1.0
2022-06-01,Equity-only,Equal Weight,benchmark,equity,1.0
2022-07-01,Equity-only,Equal Weight,benchmark,equity,1.0
2022-08-01,Equity-only,Equal Weight,benchmark,equity,1.0
2022-09-01,Equity-only,Equal Weight,benchmark,equity,1.0
2022-10-03,Equity-only,Equal Weight,benchmark,equity,1.0
2022-11-01,Equity-only,Equal Weight,benchmark,equity,1.0
2022-12-01,Equity-only,Equal Weight,benchmark,equity,1.0
2023-01-03,Equity-only,Equal Weight,benchmark,equity,1.0
2023-02-01,Equity-only,Equal Weight,benchmark,equity,1.0
2023-03-01,Equity-only,Equal Weight,benchmark,equity,1.0
2023-04-03,Equity-only,Equal Weight,benchmark,equity,1.0
2023-05-01,Equity-only,Equal Weight,benchmark,equity,1.0
2023-06-01,Equity-only,Equal Weight,benchmark,equity,1.0
2023-07-03,Equity-only,Equal Weight,benchmark,equity,1.0
2023-08-01,Equity-only,Equal Weight,benchmark,equity,1.0
2023-09-01,Equity-only,Equal Weight,benchmark,equity,1.0
2023-10-02,Equity-only,Equal Weight,benchmark,equity,1.0
2023-11-01,Equity-only,Equal Weight,benchmark,equity,1.0
2023-12-01,Equity-only,Equal Weight,benchmark,equity,1.0
2021-01-04,Equity-only,Maximum Sharpe,optimisation,equity,1.0
2021-02-01,Equity-only,Maximum Sharpe,optimisation,equity,1.0
2021-03-01,Equity-only,Maximum Sharpe,optimisation,equity,1.0
2021-04-01,Equity-only,Maximum Sharpe,optimisation,equity,1.0000000000000002
2021-05-03,Equity-only,Maximum Sharpe,optimisation,equity,1.0
2021-06-01,Equity-only,Maximum Sharpe,optimisation,equity,1.0
2021-07-01,Equity-only,Maximum Sharpe,optimisation,equity,1.0000000000000002
2021-08-02,Equity-only,Maximum Sharpe,optimisation,equity,1.0000000000000002
2021-09-01,Equity-only,Maximum Sharpe,optimisation,equity,1.0
2021-10-01,Equity-only,Maximum Sharpe,optimisation,equity,1.0
2021-11-01,Equity-only,Maximum Sharpe,optimisation,equity,1.0
2021-12-01,Equity-only,Maximum Sharpe,optimisation,equity,1.0
2022-01-03,Equity-only,Maximum Sharpe,optimisation,equity,1.0000000000000002
2022-02-01,Equity-only,Maximum Sharpe,optimisation,equity,0.9999999999999999
2022-03-01,Equity-only,Maximum Sharpe,optimisation,equity,1.0
2022-04-01,Equity-only,Maximum Sharpe,optimisation,equity,0.9999999999999998
2022-05-02,Equity-only,Maximum Sharpe,optimisation,equity,1.0
2022-06-01,Equity-only,Maximum Sharpe,optimisation,equity,0.9999999999999999
2022-07-01,Equity-only,Maximum Sharpe,optimisation,equity,1.0
2022-08-01,Equity-only,Maximum Sharpe,optimisation,equity,1.0
2022-09-01,Equity-only,Maximum Sharpe,optimisation,equity,1.0
2022-10-03,Equity-only,Maximum Sharpe,optimisation,equity,1.0
2022-11-01,Equity-only,Maximum Sharpe,optimisation,equity,1.0
2022-12-01,Equity-only,Maximum Sharpe,optimisation,equity,1.0
2023-01-03,Equity-only,Maximum Sharpe,optimisation,equity,0.9999999999999998
2023-02-01,Equity-only,Maximum Sharpe,optimisation,equity,0.9999999999999999
2023-03-01,Equity-only,Maximum Sharpe,optimisation,equity,1.0000000000000002
2023-04-03,Equity-only,Maximum Sharpe,optimisation,equity,1.0
2023-05-01,Equity-only,Maximum Sharpe,optimisation,equity,1.0
2023-06-01,Equity-only,Maximum Sharpe,optimisation,equity,1.0000000000000002
2023-07-03,Equity-only,Maximum Sharpe,optimisation,equity,0.9999999999999998
2023-08-01,Equity-only,Maximum Sharpe,optimisation,equity,1.0
2023-09-01,Equity-only,Maximum Sharpe,optimisation,equity,0.9999999999999999
2023-10-02,Equity-only,Maximum Sharpe,optimisation,equity,1.0
2023-11-01,Equity-only,Maximum Sharpe,optimisation,equity,1.0
2023-12-01,Equity-only,Maximum Sharpe,optimisation,equity,1.0
2021-01-04,Equity-only,Minimum Variance,optimisation,equity,1.0
2021-02-01,Equity-only,Minimum Variance,optimisation,equity,1.0
2021-03-01,Equity-only,Minimum Variance,optimisation,equity,1.0000000000000002
2021-04-01,Equity-only,Minimum Variance,optimisation,equity,1.0
2021-05-03,Equity-only,Minimum Variance,optimisation,equity,1.0
2021-06-01,Equity-only,Minimum Variance,optimisation,equity,1.0
2021-07-01,Equity-only,Minimum Variance,optimisation,equity,1.0
2021-08-02,Equity-only,Minimum Variance,optimisation,equity,1.0000000000000002
2021-09-01,Equity-only,Minimum Variance,optimisation,equity,1.0
2021-10-01,Equity-only,Minimum Variance,optimisation,equity,0.9999999999999999
2021-11-01,Equity-only,Minimum Variance,optimisation,equity,1.0
2021-12-01,Equity-only,Minimum Variance,optimisation,equity,1.0
2022-01-03,Equity-only,Minimum Variance,optimisation,equity,1.0
2022-02-01,Equity-only,Minimum Variance,optimisation,equity,1.0
2022-03-01,Equity-only,Minimum Variance,optimisation,equity,1.0
2022-04-01,Equity-only,Minimum Variance,optimisation,equity,1.0
2022-05-02,Equity-only,Minimum Variance,optimisation,equity,1.0
2022-06-01,Equity-only,Minimum Variance,optimisation,equity,1.0
2022-07-01,Equity-only,Minimum Variance,optimisation,equity,1.0
2022-08-01,Equity-only,Minimum Variance,optimisation,equity,1.0
2022-09-01,Equity-only,Minimum Variance,optimisation,equity,1.0
2022-10-03,Equity-only,Minimum Variance,optimisation,equity,1.0
2022-11-01,Equity-only,Minimum Variance,optimisation,equity,1.0
2022-12-01,Equity-only,Minimum Variance,optimisation,equity,1.0000000000000002
2023-01-03,Equity-only,Minimum Variance,optimisation,equity,1.0
2023-02-01,Equity-only,Minimum Variance,optimisation,equity,1.0000000000000002
2023-03-01,Equity-only,Minimum Variance,optimisation,equity,1.0
2023-04-03,Equity-only,Minimum Variance,optimisation,equity,1.0000000000000002
2023-05-01,Equity-only,Minimum Variance,optimisation,equity,1.0
2023-06-01,Equity-only,Minimum Variance,optimisation,equity,1.0
2023-07-03,Equity-only,Minimum Variance,optimisation,equity,0.9999999999999999
2023-08-01,Equity-only,Minimum Variance,optimisation,equity,1.0
2023-09-01,Equity-only,Minimum Variance,optimisation,equity,1.0
2023-10-02,Equity-only,Minimum Variance,optimisation,equity,1.0000000000000002
2023-11-01,Equity-only,Minimum Variance,optimisation,equity,1.0
2023-12-01,Equity-only,Minimum Variance,optimisation,equity,1.0
