fund_family,method,method_type,live_rebalance_date,decision_date,estimation_start,estimation_end,estimation_window,periods_per_year,eligible_asset_count,valid_observation_count,solver_success,solver_status,solver_message,objective_value,weight_sum,weight_sum_residual,min_weight,max_weight,covariance_condition,regularisation_jitter,fallback_used,fallback_reason,constraints
Combined,Equal Weight,benchmark,2021-01-04,2020-12-31,2020-01-03,2020-12-31,252,252,60,252,True,benchmark,Equal Weight benchmark,,1.0,0.0,0.016666666666666666,0.016666666666666666,,0.0,False,,long_only; fully_invested; no_leverage
Combined,Equal Weight,benchmark,2021-02-01,2021-01-29,2020-01-31,2021-01-29,252,252,60,252,True,benchmark,Equal Weight benchmark,,1.0,0.0,0.016666666666666666,0.016666666666666666,,0.0,False,,long_only; fully_invested; no_leverage
Combined,Equal Weight,benchmark,2021-03-01,2021-02-26,2020-02-28,2021-02-26,252,252,60,252,True,benchmark,Equal Weight benchmark,,1.0,0.0,0.016666666666666666,0.016666666666666666,,0.0,False,,long_only; fully_invested; no_leverage
Combined,Equal Weight,benchmark,2021-04-01,2021-03-31,2020-04-01,2021-03-31,252,252,60,252,True,benchmark,Equal Weight benchmark,,1.0,0.0,0.016666666666666666,0.016666666666666666,,0.0,False,,long_only; fully_invested; no_leverage
Combined,Equal Weight,benchmark,2021-05-03,2021-04-30,2020-05-01,2021-04-30,252,252,60,252,True,benchmark,Equal Weight benchmark,,1.0,0.0,0.016666666666666666,0.016666666666666666,,0.0,False,,long_only; fully_invested; no_leverage
Combined,Equal Weight,benchmark,2021-06-01,2021-05-28,2020-06-01,2021-05-28,252,252,60,252,True,benchmark,Equal Weight benchmark,,1.0,0.0,0.016666666666666666,0.016666666666666666,,0.0,False,,long_only; fully_invested; no_leverage
Combined,Equal Weight,benchmark,2021-07-01,2021-06-30,2020-07-01,2021-06-30,252,252,60,252,True,benchmark,Equal Weight benchmark,,1.0,0.0,0.016666666666666666,0.016666666666666666,,0.0,False,,long_only; fully_invested; no_leverage
Combined,Equal Weight,benchmark,2021-08-02,2021-07-30,2020-07-31,2021-07-30,252,252,60,252,True,benchmark,Equal Weight benchmark,,1.0,0.0,0.016666666666666666,0.016666666666666666,,0.0,False,,long_only; fully_invested; no_leverage
Combined,Equal Weight,benchmark,2021-09-01,2021-08-31,2020-09-01,2021-08-31,252,252,60,252,True,benchmark,Equal Weight benchmark,,1.0,0.0,0.016666666666666666,0.016666666666666666,,0.0,False,,long_only; fully_invested; no_leverage
Combined,Equal Weight,benchmark,2021-10-01,2021-09-30,2020-10-01,2021-09-30,252,252,60,252,True,benchmark,Equal Weight benchmark,,1.0,0.0,0.016666666666666666,0.016666666666666666,,0.0,False,,long_only; fully_invested; no_leverage
Combined,Equal Weight,benchmark,2021-11-01,2021-10-29,2020-10-30,2021-10-29,252,252,60,252,True,benchmark,Equal Weight benchmark,,1.0,0.0,0.016666666666666666,0.016666666666666666,,0.0,False,,long_only; fully_invested; no_leverage
Combined,Equal Weight,benchmark,2021-12-01,2021-11-30,2020-12-01,2021-11-30,252,252,60,252,True,benchmark,Equal Weight benchmark,,1.0,0.0,0.016666666666666666,0.016666666666666666,,0.0,False,,long_only; fully_invested; no_leverage
Combined,Equal Weight,benchmark,2022-01-03,2021-12-31,2021-01-04,2021-12-31,252,252,60,252,True,benchmark,Equal Weight benchmark,,1.0,0.0,0.016666666666666666,0.016666666666666666,,0.0,False,,long_only; fully_invested; no_leverage
Combined,Equal Weight,benchmark,2022-02-01,2022-01-31,2021-02-02,2022-01-31,252,252,60,252,True,benchmark,Equal Weight benchmark,,1.0,0.0,0.016666666666666666,0.016666666666666666,,0.0,False,,long_only; fully_invested; no_leverage
Combined,Equal Weight,benchmark,2022-03-01,2022-02-28,2021-03-02,2022-02-28,252,252,60,252,True,benchmark,Equal Weight benchmark,,1.0,0.0,0.016666666666666666,0.016666666666666666,,0.0,False,,long_only; fully_invested; no_leverage
Combined,Equal Weight,benchmark,2022-04-01,2022-03-31,2021-04-05,2022-03-31,252,252,60,252,True,benchmark,Equal Weight benchmark,,1.0,0.0,0.016666666666666666,0.016666666666666666,,0.0,False,,long_only; fully_invested; no_leverage
Combined,Equal Weight,benchmark,2022-05-02,2022-04-29,2021-05-03,2022-04-29,252,252,60,252,True,benchmark,Equal Weight benchmark,,1.0,0.0,0.016666666666666666,0.016666666666666666,,0.0,False,,long_only; fully_invested; no_leverage
Combined,Equal Weight,benchmark,2022-06-01,2022-05-31,2021-06-02,2022-05-31,252,252,60,252,True,benchmark,Equal Weight benchmark,,1.0,0.0,0.016666666666666666,0.016666666666666666,,0.0,False,,long_only; fully_invested; no_leverage
Combined,Equal Weight,benchmark,2022-07-01,2022-06-30,2021-07-01,2022-06-30,252,252,60,252,True,benchmark,Equal Weight benchmark,,1.0,0.0,0.016666666666666666,0.016666666666666666,,0.0,False,,long_only; fully_invested; no_leverage
Combined,Equal Weight,benchmark,2022-08-01,2022-07-29,2021-07-30,2022-07-29,252,252,60,252,True,benchmark,Equal Weight benchmark,,1.0,0.0,0.016666666666666666,0.016666666666666666,,0.0,False,,long_only; fully_invested; no_leverage
Combined,Equal Weight,benchmark,2022-09-01,2022-08-31,2021-09-01,2022-08-31,252,252,60,252,True,benchmark,Equal Weight benchmark,,1.0,0.0,0.016666666666666666,0.016666666666666666,,0.0,False,,long_only; fully_invested; no_leverage
Combined,Equal Weight,benchmark,2022-10-03,2022-09-30,2021-10-01,2022-09-30,252,252,60,252,True,benchmark,Equal Weight benchmark,,1.0,0.0,0.016666666666666666,0.016666666666666666,,0.0,False,,long_only; fully_invested; no_leverage
Combined,Equal Weight,benchmark,2022-11-01,2022-10-31,2021-11-01,2022-10-31,252,252,60,252,True,benchmark,Equal Weight benchmark,,1.0,0.0,0.016666666666666666,0.016666666666666666,,0.0,False,,long_only; fully_invested; no_leverage
Combined,Equal Weight,benchmark,2022-12-01,2022-11-30,2021-12-01,2022-11-30,252,252,60,252,True,benchmark,Equal Weight benchmark,,1.0,0.0,0.016666666666666666,0.016666666666666666,,0.0,False,,long_only; fully_invested; no_leverage
Combined,Equal Weight,benchmark,2023-01-03,2022-12-30,2021-12-31,2022-12-30,252,252,60,252,True,benchmark,Equal Weight benchmark,,1.0,0.0,0.016666666666666666,0.016666666666666666,,0.0,False,,long_only; fully_invested; no_leverage
Combined,Equal Weight,benchmark,2023-02-01,2023-01-31,2022-01-31,2023-01-31,252,252,60,252,True,benchmark,Equal Weight benchmark,,1.0,0.0,0.016666666666666666,0.016666666666666666,,0.0,False,,long_only; fully_invested; no_leverage
Combined,Equal Weight,benchmark,2023-03-01,2023-02-28,2022-02-28,2023-02-28,252,252,60,252,True,benchmark,Equal Weight benchmark,,1.0,0.0,0.016666666666666666,0.016666666666666666,,0.0,False,,long_only; fully_invested; no_leverage
Combined,Equal Weight,benchmark,2023-04-03,2023-03-31,2022-03-31,2023-03-31,252,252,60,252,True,benchmark,Equal Weight benchmark,,1.0,0.0,0.016666666666666666,0.016666666666666666,,0.0,False,,long_only; fully_invested; no_leverage
Combined,Equal Weight,benchmark,2023-05-01,2023-04-28,2022-04-28,2023-04-28,252,252,60,252,True,benchmark,Equal Weight benchmark,,1.0,0.0,0.016666666666666666,0.016666666666666666,,0.0,False,,long_only; fully_invested; no_leverage
Combined,Equal Weight,benchmark,2023-06-01,2023-05-31,2022-05-31,2023-05-31,252,252,60,252,True,benchmark,Equal Weight benchmark,,1.0,0.0,0.016666666666666666,0.016666666666666666,,0.0,False,,long_only; fully_invested; no_leverage
Combined,Equal Weight,benchmark,2023-07-03,2023-06-30,2022-06-30,2023-06-30,252,252,60,252,True,benchmark,Equal Weight benchmark,,1.0,0.0,0.016666666666666666,0.016666666666666666,,0.0,False,,long_only; fully_invested; no_leverage
Combined,Equal Weight,benchmark,2023-08-01,2023-07-31,2022-07-29,2023-07-31,252,252,60,252,True,benchmark,Equal Weight benchmark,,1.0,0.0,0.016666666666666666,0.016666666666666666,,0.0,False,,long_only; fully_invested; no_leverage
Combined,Equal Weight,benchmark,2023-09-01,2023-08-31,2022-08-31,2023-08-31,252,252,60,252,True,benchmark,Equal Weight benchmark,,1.0,0.0,0.016666666666666666,0.016666666666666666,,0.0,False,,long_only; fully_invested; no_leverage
Combined,Equal Weight,benchmark,2023-10-02,2023-09-29,2022-09-29,2023-09-29,252,252,60,252,True,benchmark,Equal Weight benchmark,,1.0,0.0,0.016666666666666666,0.016666666666666666,,0.0,False,,long_only; fully_invested; no_leverage
Combined,Equal Weight,benchmark,2023-11-01,2023-10-31,2022-10-31,2023-10-31,252,252,60,252,True,benchmark,Equal Weight benchmark,,1.0,0.0,0.016666666666666666,0.016666666666666666,,0.0,False,,long_only; fully_invested; no_leverage
Combined,Equal Weight,benchmark,2023-12-01,2023-11-30,2022-11-30,2023-11-30,252,252,60,252,True,benchmark,Equal Weight benchmark,,1.0,0.0,0.016666666666666666,0.016666666666666666,,0.0,False,,long_only; fully_invested; no_leverage
Combined,Maximum Sharpe,optimisation,2021-01-04,2020-12-31,2020-01-03,2020-12-31,252,252,60,252,True,0,Optimization terminated successfully,-0.18392298656771675,0.9999999999999999,-1.1102230246251565e-16,0.0,0.575838950990299,1033.4140189789125,0.0,False,,long_only; fully_invested; no_leverage
Combined,Maximum Sharpe,optimisation,2021-02-01,2021-01-29,2020-01-31,2021-01-29,252,252,60,252,True,0,Optimization terminated successfully,-0.1722471213356654,1.0,0.0,0.0,0.4283351353680736,1091.1159806064688,0.0,False,,long_only; fully_invested; no_leverage
Combined,Maximum Sharpe,optimisation,2021-03-01,2021-02-26,2020-02-28,2021-02-26,252,252,60,252,True,0,Optimization terminated successfully,-0.20224890436676926,1.0000000000000002,2.220446049250313e-16,0.0,0.3737816439641633,1144.040457609089,0.0,False,,long_only; fully_invested; no_leverage
Combined,Maximum Sharpe,optimisation,2021-04-01,2021-03-31,2020-04-01,2021-03-31,252,252,60,252,True,0,Optimization terminated successfully,-0.2767124781038189,0.9999999999999999,-1.1102230246251565e-16,0.0,0.219018659031761,662.0121449886735,0.0,False,,long_only; fully_invested; no_leverage
Combined,Maximum Sharpe,optimisation,2021-05-03,2021-04-30,2020-05-01,2021-04-30,252,252,60,252,True,0,Optimization terminated successfully,-0.2891548685712068,0.9999999999999999,-1.1102230246251565e-16,0.0,0.16495455074987597,797.3613484584105,0.0,False,,long_only; fully_invested; no_leverage
Combined,Maximum Sharpe,optimisation,2021-06-01,2021-05-28,2020-06-01,2021-05-28,252,252,60,252,True,0,Optimization terminated successfully,-0.2634474410542591,1.0000000000000002,2.220446049250313e-16,0.0,0.20578464787863163,1412.0342280330033,0.0,False,,long_only; fully_invested; no_leverage
Combined,Maximum Sharpe,optimisation,2021-07-01,2021-06-30,2020-07-01,2021-06-30,252,252,60,252,True,0,Optimization terminated successfully,-0.28737474086321185,1.0000000000000002,2.220446049250313e-16,0.0,0.34424064130322307,1689.7173417506017,0.0,False,,long_only; fully_invested; no_leverage
Combined,Maximum Sharpe,optimisation,2021-08-02,2021-07-30,2020-07-31,2021-07-30,252,252,60,252,True,0,Optimization terminated successfully,-0.2804143278280419,1.0,0.0,0.0,0.3883579795695638,1995.4551483054097,0.0,False,,long_only; fully_invested; no_leverage
Combined,Maximum Sharpe,optimisation,2021-09-01,2021-08-31,2020-09-01,2021-08-31,252,252,60,252,True,0,Optimization terminated successfully,-0.28240141300126453,1.0000000000000002,2.220446049250313e-16,0.0,0.4073753104616508,2130.423351434478,0.0,False,,long_only; fully_invested; no_leverage
Combined,Maximum Sharpe,optimisation,2021-10-01,2021-09-30,2020-10-01,2021-09-30,252,252,60,252,True,0,Optimization terminated successfully,-0.26004713112989375,0.9999999999999999,-1.1102230246251565e-16,0.0,0.46171312146589627,2463.7983478300353,0.0,False,,long_only; fully_invested; no_leverage
Combined,Maximum Sharpe,optimisation,2021-11-01,2021-10-29,2020-10-30,2021-10-29,252,252,60,252,True,0,Optimization terminated successfully,-0.3144045708685996,1.0,0.0,0.0,0.3625910141161266,2619.118707807963,0.0,False,,long_only; fully_invested; no_leverage
Combined,Maximum Sharpe,optimisation,2021-12-01,2021-11-30,2020-12-01,2021-11-30,252,252,60,252,True,0,Optimization terminated successfully,-0.2664053809739463,1.0,0.0,0.0,0.39153365530228906,2669.719085657827,0.0,False,,long_only; fully_invested; no_leverage
Combined,Maximum Sharpe,optimisation,2022-01-03,2021-12-31,2021-01-04,2021-12-31,252,252,60,252,True,0,Optimization terminated successfully,-0.2808980061005447,1.0,0.0,0.0,0.38471142492257165,2666.624707965337,0.0,False,,long_only; fully_invested; no_leverage
Combined,Maximum Sharpe,optimisation,2022-02-01,2022-01-31,2021-02-02,2022-01-31,252,252,60,252,True,0,Optimization terminated successfully,-0.26325342887071157,1.0,0.0,0.0,0.41400192419649534,2851.342845116449,0.0,False,,long_only; fully_invested; no_leverage
Combined,Maximum Sharpe,optimisation,2022-03-01,2022-02-28,2021-03-02,2022-02-28,252,252,60,252,True,0,Optimization terminated successfully,-0.24078364411794753,1.0,0.0,0.0,0.4117837667687565,2501.835206654028,0.0,False,,long_only; fully_invested; no_leverage
Combined,Maximum Sharpe,optimisation,2022-04-01,2022-03-31,2021-04-05,2022-03-31,252,252,60,252,True,0,Optimization terminated successfully,-0.25656601235911164,0.9999999999999999,-1.1102230246251565e-16,0.0,0.33092260943537916,2657.7894514609216,0.0,False,,long_only; fully_invested; no_leverage
Combined,Maximum Sharpe,optimisation,2022-05-02,2022-04-29,2021-05-03,2022-04-29,252,252,60,252,True,0,Optimization terminated successfully,-0.18293679980617866,0.9999999999999998,-2.220446049250313e-16,0.0,0.2237402191637203,2268.072052988312,0.0,False,,long_only; fully_invested; no_leverage
Combined,Maximum Sharpe,optimisation,2022-06-01,2022-05-31,2021-06-02,2022-05-31,252,252,60,252,True,0,Optimization terminated successfully,-0.17238185776501733,1.0,0.0,0.0,0.254139823820584,1749.1178335346758,0.0,False,,long_only; fully_invested; no_leverage
Combined,Maximum Sharpe,optimisation,2022-07-01,2022-06-30,2021-07-01,2022-06-30,252,252,60,252,True,0,Optimization terminated successfully,-0.13967648742450114,1.0,0.0,0.0,0.46793415582628084,1728.2907180182553,0.0,False,,long_only; fully_invested; no_leverage
Combined,Maximum Sharpe,optimisation,2022-08-01,2022-07-29,2021-07-30,2022-07-29,252,252,60,252,True,0,Optimization terminated successfully,-0.14666909281401386,1.0,0.0,0.0,0.3024844848002494,1745.9284225597874,0.0,False,,long_only; fully_invested; no_leverage
Combined,Maximum Sharpe,optimisation,2022-09-01,2022-08-31,2021-09-01,2022-08-31,252,252,60,252,True,0,Optimization terminated successfully,-0.147510539711754,1.0000000000000002,2.220446049250313e-16,0.0,0.33733469234910957,1737.983118487582,0.0,False,,long_only; fully_invested; no_leverage
Combined,Maximum Sharpe,optimisation,2022-10-03,2022-09-30,2021-10-01,2022-09-30,252,252,60,252,True,0,Optimization terminated successfully,-0.12606652457569284,1.0,0.0,0.0,0.5352611627275751,1698.8813252409832,0.0,False,,long_only; fully_invested; no_leverage
Combined,Maximum Sharpe,optimisation,2022-11-01,2022-10-31,2021-11-01,2022-10-31,252,252,60,252,True,0,Optimization terminated successfully,-0.15219323252012895,0.9999999999999999,-1.1102230246251565e-16,0.0,0.3894557597457359,1529.693039460684,0.0,False,,long_only; fully_invested; no_leverage
Combined,Maximum Sharpe,optimisation,2022-12-01,2022-11-30,2021-12-01,2022-11-30,252,252,60,252,True,0,Optimization terminated successfully,-0.19496963599661998,1.0,0.0,0.0,0.3881854975909815,1741.4804568211844,0.0,False,,long_only; fully_invested; no_leverage
Combined,Maximum Sharpe,optimisation,2023-01-03,2022-12-30,2021-12-31,2022-12-30,252,252,60,252,True,0,Optimization terminated successfully,-0.16919270530386152,0.9999999999999999,-1.1102230246251565e-16,0.0,0.6416414133498292,1687.7222263525832,0.0,False,,long_only; fully_invested; no_leverage
Combined,Maximum Sharpe,optimisation,2023-02-01,2023-01-31,2022-01-31,2023-01-31,252,252,60,252,True,0,Optimization terminated successfully,-0.14098874069825623,0.9999999999999999,-1.1102230246251565e-16,0.0,0.49579563270530985,1534.2633133226184,0.0,False,,long_only; fully_invested; no_leverage
Combined,Maximum Sharpe,optimisation,2023-03-01,2023-02-28,2022-02-28,2023-02-28,252,252,60,252,True,0,Optimization terminated successfully,-0.13833083119183387,1.0,0.0,0.0,0.6036510926544525,1718.4039056567515,0.0,False,,long_only; fully_invested; no_leverage
Combined,Maximum Sharpe,optimisation,2023-04-03,2023-03-31,2022-03-31,2023-03-31,252,252,60,252,True,0,Optimization terminated successfully,-0.12005720538328944,0.9999999999999999,-1.1102230246251565e-16,0.0,0.40279975983787075,1617.6816720973773,0.0,False,,long_only; fully_invested; no_leverage
Combined,Maximum Sharpe,optimisation,2023-05-01,2023-04-28,2022-04-28,2023-04-28,252,252,60,252,True,0,Optimization terminated successfully,-0.14744692630473488,0.9999999999999999,-1.1102230246251565e-16,0.0,0.471206586553226,1653.5205264697252,0.0,False,,long_only; fully_invested; no_leverage
Combined,Maximum Sharpe,optimisation,2023-06-01,2023-05-31,2022-05-31,2023-05-31,252,252,60,252,True,0,Optimization terminated successfully,-0.13974551144893688,1.0,0.0,0.0,0.3846799141273126,1381.8653047969312,0.0,False,,long_only; fully_invested; no_leverage
Combined,Maximum Sharpe,optimisation,2023-07-03,2023-06-30,2022-06-30,2023-06-30,252,252,60,252,True,0,Optimization terminated successfully,-0.21273268974500117,1.0,0.0,0.0,0.4509884931371988,1200.8839779487828,0.0,False,,long_only; fully_invested; no_leverage
Combined,Maximum Sharpe,optimisation,2023-08-01,2023-07-31,2022-07-29,2023-07-31,252,252,60,252,True,0,Optimization terminated successfully,-0.19485230733987047,1.0,0.0,0.0,0.4347658723239431,1224.496672314344,0.0,False,,long_only; fully_invested; no_leverage
Combined,Maximum Sharpe,optimisation,2023-09-01,2023-08-31,2022-08-31,2023-08-31,252,252,60,252,True,0,Optimization terminated successfully,-0.20556806009353357,1.0,0.0,0.0,0.37678198310897476,1081.8206752221308,0.0,False,,long_only; fully_invested; no_leverage
Combined,Maximum Sharpe,optimisation,2023-10-02,2023-09-29,2022-09-29,2023-09-29,252,252,60,252,True,0,Optimization terminated successfully,-0.2304433478360162,1.0,0.0,0.0,0.4694174194160143,972.0020640065212,0.0,False,,long_only; fully_invested; no_leverage
Combined,Maximum Sharpe,optimisation,2023-11-01,2023-10-31,2022-10-31,2023-10-31,252,252,60,252,True,0,Optimization terminated successfully,-0.18910557069430348,1.0,0.0,0.0,0.4964385104463593,940.1629121255555,0.0,False,,long_only; fully_invested; no_leverage
Combined,Maximum Sharpe,optimisation,2023-12-01,2023-11-30,2022-11-30,2023-11-30,252,252,60,252,True,0,Optimization terminated successfully,-0.20710771730900396,1.0,0.0,0.0,0.45324456469812896,718.9238616587567,0.0,False,,long_only; fully_invested; no_leverage
Combined,Minimum Variance,optimisation,2021-01-04,2020-12-31,2020-01-03,2020-12-31,252,252,60,252,True,0,Optimization terminated successfully,0.0002329649422552062,1.0,0.0,0.0,0.23103296977059334,1033.4140189789125,0.0,False,,long_only; fully_invested; no_leverage
Combined,Minimum Variance,optimisation,2021-02-01,2021-01-29,2020-01-31,2021-01-29,252,252,60,252,True,0,Optimization terminated successfully,0.00023597876734974074,1.0,0.0,0.0,0.2280142226653335,1091.1159806064688,0.0,False,,long_only; fully_invested; no_leverage
Combined,Minimum Variance,optimisation,2021-03-01,2021-02-26,2020-02-28,2021-02-26,252,252,60,252,True,0,Optimization terminated successfully,0.0002294447729344627,1.0,0.0,0.0,0.20941760348953212,1144.040457609089,0.0,False,,long_only; fully_invested; no_leverage
Combined,Minimum Variance,optimisation,2021-04-01,2021-03-31,2020-04-01,2021-03-31,252,252,60,252,True,0,Optimization terminated successfully,8.331194229421595e-05,1.0,0.0,0.0,0.22707376540930524,662.0121449886735,0.0,False,,long_only; fully_invested; no_leverage
Combined,Minimum Variance,optimisation,2021-05-03,2021-04-30,2020-05-01,2021-04-30,252,252,60,252,True,0,Optimization terminated successfully,5.580607879854814e-05,1.0,0.0,0.0,0.1995868338524495,797.3613484584105,0.0,False,,long_only; fully_invested; no_leverage
Combined,Minimum Variance,optimisation,2021-06-01,2021-05-28,2020-06-01,2021-05-28,252,252,60,252,True,0,Optimization terminated successfully,5.1507549329793256e-05,1.0,0.0,0.0,0.1723676228719427,1412.0342280330033,0.0,False,,long_only; fully_invested; no_leverage
Combined,Minimum Variance,optimisation,2021-07-01,2021-06-30,2020-07-01,2021-06-30,252,252,60,252,True,0,Optimization terminated successfully,4.130409827859404e-05,1.0,0.0,0.0,0.16538206872857042,1689.7173417506017,0.0,False,,long_only; fully_invested; no_leverage
Combined,Minimum Variance,optimisation,2021-08-02,2021-07-30,2020-07-31,2021-07-30,252,252,60,252,True,0,Optimization terminated successfully,4.053388643918228e-05,1.0,0.0,0.0,0.1663968154113562,1995.4551483054097,0.0,False,,long_only; fully_invested; no_leverage
Combined,Minimum Variance,optimisation,2021-09-01,2021-08-31,2020-09-01,2021-08-31,252,252,60,252,True,0,Optimization terminated successfully,3.9865521887794365e-05,1.0,0.0,0.0,0.16644971629866304,2130.423351434478,0.0,False,,long_only; fully_invested; no_leverage
Combined,Minimum Variance,optimisation,2021-10-01,2021-09-30,2020-10-01,2021-09-30,252,252,60,252,True,0,Optimization terminated successfully,3.519466458374481e-05,1.0,0.0,0.0,0.14700241435846503,2463.7983478300353,0.0,False,,long_only; fully_invested; no_leverage
Combined,Minimum Variance,optimisation,2021-11-01,2021-10-29,2020-10-30,2021-10-29,252,252,60,252,True,0,Optimization terminated successfully,3.3403104052016174e-05,0.9999999999999999,-1.1102230246251565e-16,0.0,0.11055319606179725,2619.118707807963,0.0,False,,long_only; fully_invested; no_leverage
Combined,Minimum Variance,optimisation,2021-12-01,2021-11-30,2020-12-01,2021-11-30,252,252,60,252,True,0,Optimization terminated successfully,3.2341974091843205e-05,1.0,0.0,0.0,0.1274352819684277,2669.719085657827,0.0,False,,long_only; fully_invested; no_leverage
Combined,Minimum Variance,optimisation,2022-01-03,2021-12-31,2021-01-04,2021-12-31,252,252,60,252,True,0,Optimization terminated successfully,3.512677021824902e-05,1.0,0.0,0.0,0.11534420536001691,2666.624707965337,0.0,False,,long_only; fully_invested; no_leverage
Combined,Minimum Variance,optimisation,2022-02-01,2022-01-31,2021-02-02,2022-01-31,252,252,60,252,True,0,Optimization terminated successfully,3.504404093911625e-05,0.9999999999999999,-1.1102230246251565e-16,0.0,0.1061801720516918,2851.342845116449,0.0,False,,long_only; fully_invested; no_leverage
Combined,Minimum Variance,optimisation,2022-03-01,2022-02-28,2021-03-02,2022-02-28,252,252,60,252,True,0,Optimization terminated successfully,3.491640336073439e-05,1.0,0.0,0.0,0.14112368312286397,2501.835206654028,0.0,False,,long_only; fully_invested; no_leverage
Combined,Minimum Variance,optimisation,2022-04-01,2022-03-31,2021-04-05,2022-03-31,252,252,60,252,True,0,Optimization terminated successfully,3.429012578433649e-05,1.0,0.0,0.0,0.14300960514457253,2657.7894514609216,0.0,False,,long_only; fully_invested; no_leverage
Combined,Minimum Variance,optimisation,2022-05-02,2022-04-29,2021-05-03,2022-04-29,252,252,60,252,True,0,Optimization terminated successfully,4.1169421856565974e-05,1.0,0.0,0.0,0.12917414036068625,2268.072052988312,0.0,False,,long_only; fully_invested; no_leverage
Combined,Minimum Variance,optimisation,2022-06-01,2022-05-31,2021-06-02,2022-05-31,252,252,60,252,True,0,Optimization terminated successfully,4.594386527004769e-05,0.9999999999999998,-2.220446049250313e-16,0.0,0.17303703013161573,1749.1178335346758,0.0,False,,long_only; fully_invested; no_leverage
Combined,Minimum Variance,optimisation,2022-07-01,2022-06-30,2021-07-01,2022-06-30,252,252,60,252,True,0,Optimization terminated successfully,5.459111704874477e-05,1.0,0.0,0.0,0.17738613592995625,1728.2907180182553,0.0,False,,long_only; fully_invested; no_leverage
Combined,Minimum Variance,optimisation,2022-08-01,2022-07-29,2021-07-30,2022-07-29,252,252,60,252,True,0,Optimization terminated successfully,5.653290915024664e-05,0.9999999999999999,-1.1102230246251565e-16,0.0,0.17093822826778102,1745.9284225597874,0.0,False,,long_only; fully_invested; no_leverage
Combined,Minimum Variance,optimisation,2022-09-01,2022-08-31,2021-09-01,2022-08-31,252,252,60,252,True,0,Optimization terminated successfully,5.946128862225242e-05,1.0,0.0,0.0,0.14139938524666776,1737.983118487582,0.0,False,,long_only; fully_invested; no_leverage
Combined,Minimum Variance,optimisation,2022-10-03,2022-09-30,2021-10-01,2022-09-30,252,252,60,252,True,0,Optimization terminated successfully,6.856419841278752e-05,1.0,0.0,0.0,0.16429538648261327,1698.8813252409832,0.0,False,,long_only; fully_invested; no_leverage
Combined,Minimum Variance,optimisation,2022-11-01,2022-10-31,2021-11-01,2022-10-31,252,252,60,252,True,0,Optimization terminated successfully,7.887063300380449e-05,0.9999999999999999,-1.1102230246251565e-16,0.0,0.17358552494334126,1529.693039460684,0.0,False,,long_only; fully_invested; no_leverage
Combined,Minimum Variance,optimisation,2022-12-01,2022-11-30,2021-12-01,2022-11-30,252,252,60,252,True,0,Optimization terminated successfully,7.887462115856208e-05,1.0,0.0,0.0,0.2389623831988321,1741.4804568211844,0.0,False,,long_only; fully_invested; no_leverage
Combined,Minimum Variance,optimisation,2023-01-03,2022-12-30,2021-12-31,2022-12-30,252,252,60,252,True,0,Optimization terminated successfully,7.998832617286928e-05,1.0,0.0,0.0,0.22197904527278353,1687.7222263525832,0.0,False,,long_only; fully_invested; no_leverage
Combined,Minimum Variance,optimisation,2023-02-01,2023-01-31,2022-01-31,2023-01-31,252,252,60,252,True,0,Optimization terminated successfully,8.186246394958828e-05,1.0,0.0,0.0,0.2144902575123822,1534.2633133226184,0.0,False,,long_only; fully_invested; no_leverage
Combined,Minimum Variance,optimisation,2023-03-01,2023-02-28,2022-02-28,2023-02-28,252,252,60,252,True,0,Optimization terminated successfully,8.129271132668441e-05,1.0,0.0,0.0,0.20603994339858628,1718.4039056567515,0.0,False,,long_only; fully_invested; no_leverage
Combined,Minimum Variance,optimisation,2023-04-03,2023-03-31,2022-03-31,2023-03-31,252,252,60,252,True,0,Optimization terminated successfully,8.341457071653374e-05,0.9999999999999997,-3.3306690738754696e-16,0.0,0.19167509428614807,1617.6816720973773,0.0,False,,long_only; fully_invested; no_leverage
Combined,Minimum Variance,optimisation,2023-05-01,2023-04-28,2022-04-28,2023-04-28,252,252,60,252,True,0,Optimization terminated successfully,8.295456210217605e-05,1.0,0.0,0.0,0.17927060213035198,1653.5205264697252,0.0,False,,long_only; fully_invested; no_leverage
Combined,Minimum Variance,optimisation,2023-06-01,2023-05-31,2022-05-31,2023-05-31,252,252,60,252,True,0,Optimization terminated successfully,7.159511638877402e-05,1.0,0.0,0.0,0.2858052973137504,1381.8653047969312,0.0,False,,long_only; fully_invested; no_leverage
Combined,Minimum Variance,optimisation,2023-07-03,2023-06-30,2022-06-30,2023-06-30,252,252,60,252,True,0,Optimization terminated successfully,6.281340947661106e-05,1.0,0.0,0.0,0.23187435514719093,1200.8839779487828,0.0,False,,long_only; fully_invested; no_leverage
Combined,Minimum Variance,optimisation,2023-08-01,2023-07-31,2022-07-29,2023-07-31,252,252,60,252,True,0,Optimization terminated successfully,6.206790400250752e-05,1.0000000000000002,2.220446049250313e-16,0.0,0.2306984363206777,1224.496672314344,0.0,False,,long_only; fully_invested; no_leverage
Combined,Minimum Variance,optimisation,2023-09-01,2023-08-31,2022-08-31,2023-08-31,252,252,60,252,True,0,Optimization terminated successfully,6.02448846659879e-05,1.0,0.0,0.0,0.2541872418255114,1081.8206752221308,0.0,False,,long_only; fully_invested; no_leverage
Combined,Minimum Variance,optimisation,2023-10-02,2023-09-29,2022-09-29,2023-09-29,252,252,60,252,True,0,Optimization terminated successfully,5.347079999370805e-05,1.0,0.0,0.0,0.28264516663742817,972.0020640065212,0.0,False,,long_only; fully_invested; no_leverage
Combined,Minimum Variance,optimisation,2023-11-01,2023-10-31,2022-10-31,2023-10-31,252,252,60,252,True,0,Optimization terminated successfully,4.4357007066015574e-05,1.0000000000000002,2.220446049250313e-16,0.0,0.19626587254083808,940.1629121255555,0.0,False,,long_only; fully_invested; no_leverage
Combined,Minimum Variance,optimisation,2023-12-01,2023-11-30,2022-11-30,2023-11-30,252,252,60,252,True,0,Optimization terminated successfully,3.9539489215933214e-05,1.0,0.0,0.0,0.18295573593649408,718.9238616587567,0.0,False,,long_only; fully_invested; no_leverage
Crypto-only,Equal Weight,benchmark,2021-01-01,2020-12-31,2020-01-02,2020-12-31,365,365,10,365,True,benchmark,Equal Weight benchmark,,1.0,0.0,0.1,0.1,,0.0,False,,long_only; fully_invested; no_leverage
Crypto-only,Equal Weight,benchmark,2021-02-01,2021-01-31,2020-02-02,2021-01-31,365,365,10,365,True,benchmark,Equal Weight benchmark,,1.0,0.0,0.1,0.1,,0.0,False,,long_only; fully_invested; no_leverage
Crypto-only,Equal Weight,benchmark,2021-03-01,2021-02-28,2020-03-01,2021-02-28,365,365,10,365,True,benchmark,Equal Weight benchmark,,1.0,0.0,0.1,0.1,,0.0,False,,long_only; fully_invested; no_leverage
Crypto-only,Equal Weight,benchmark,2021-04-01,2021-03-31,2020-04-01,2021-03-31,365,365,10,365,True,benchmark,Equal Weight benchmark,,1.0,0.0,0.1,0.1,,0.0,False,,long_only; fully_invested; no_leverage
Crypto-only,Equal Weight,benchmark,2021-05-01,2021-04-30,2020-05-01,2021-04-30,365,365,10,365,True,benchmark,Equal Weight benchmark,,1.0,0.0,0.1,0.1,,0.0,False,,long_only; fully_invested; no_leverage
Crypto-only,Equal Weight,benchmark,2021-06-01,2021-05-31,2020-06-01,2021-05-31,365,365,10,365,True,benchmark,Equal Weight benchmark,,1.0,0.0,0.1,0.1,,0.0,False,,long_only; fully_invested; no_leverage
Crypto-only,Equal Weight,benchmark,2021-07-01,2021-06-30,2020-07-01,2021-06-30,365,365,10,365,True,benchmark,Equal Weight benchmark,,1.0,0.0,0.1,0.1,,0.0,False,,long_only; fully_invested; no_leverage
Crypto-only,Equal Weight,benchmark,2021-08-01,2021-07-31,2020-08-01,2021-07-31,365,365,10,365,True,benchmark,Equal Weight benchmark,,1.0,0.0,0.1,0.1,,0.0,False,,long_only; fully_invested; no_leverage
Crypto-only,Equal Weight,benchmark,2021-09-01,2021-08-31,2020-09-01,2021-08-31,365,365,10,365,True,benchmark,Equal Weight benchmark,,1.0,0.0,0.1,0.1,,0.0,False,,long_only; fully_invested; no_leverage
Crypto-only,Equal Weight,benchmark,2021-10-01,2021-09-30,2020-10-01,2021-09-30,365,365,10,365,True,benchmark,Equal Weight benchmark,,1.0,0.0,0.1,0.1,,0.0,False,,long_only; fully_invested; no_leverage
Crypto-only,Equal Weight,benchmark,2021-11-01,2021-10-31,2020-11-01,2021-10-31,365,365,10,365,True,benchmark,Equal Weight benchmark,,1.0,0.0,0.1,0.1,,0.0,False,,long_only; fully_invested; no_leverage
Crypto-only,Equal Weight,benchmark,2021-12-01,2021-11-30,2020-12-01,2021-11-30,365,365,10,365,True,benchmark,Equal Weight benchmark,,1.0,0.0,0.1,0.1,,0.0,False,,long_only; fully_invested; no_leverage
Crypto-only,Equal Weight,benchmark,2022-01-01,2021-12-31,2021-01-01,2021-12-31,365,365,10,365,True,benchmark,Equal Weight benchmark,,1.0,0.0,0.1,0.1,,0.0,False,,long_only; fully_invested; no_leverage
Crypto-only,Equal Weight,benchmark,2022-02-01,2022-01-31,2021-02-01,2022-01-31,365,365,10,365,True,benchmark,Equal Weight benchmark,,1.0,0.0,0.1,0.1,,0.0,False,,long_only; fully_invested; no_leverage
Crypto-only,Equal Weight,benchmark,2022-03-01,2022-02-28,2021-03-01,2022-02-28,365,365,10,365,True,benchmark,Equal Weight benchmark,,1.0,0.0,0.1,0.1,,0.0,False,,long_only; fully_invested; no_leverage
Crypto-only,Equal Weight,benchmark,2022-04-01,2022-03-31,2021-04-01,2022-03-31,365,365,10,365,True,benchmark,Equal Weight benchmark,,1.0,0.0,0.1,0.1,,0.0,False,,long_only; fully_invested; no_leverage
Crypto-only,Equal Weight,benchmark,2022-05-01,2022-04-30,2021-05-01,2022-04-30,365,365,10,365,True,benchmark,Equal Weight benchmark,,1.0,0.0,0.1,0.1,,0.0,False,,long_only; fully_invested; no_leverage
Crypto-only,Equal Weight,benchmark,2022-06-01,2022-05-31,2021-06-01,2022-05-31,365,365,10,365,True,benchmark,Equal Weight benchmark,,1.0,0.0,0.1,0.1,,0.0,False,,long_only; fully_invested; no_leverage
Crypto-only,Equal Weight,benchmark,2022-07-01,2022-06-30,2021-07-01,2022-06-30,365,365,10,365,True,benchmark,Equal Weight benchmark,,1.0,0.0,0.1,0.1,,0.0,False,,long_only; fully_invested; no_leverage
Crypto-only,Equal Weight,benchmark,2022-08-01,2022-07-31,2021-08-01,2022-07-31,365,365,10,365,True,benchmark,Equal Weight benchmark,,1.0,0.0,0.1,0.1,,0.0,False,,long_only; fully_invested; no_leverage
Crypto-only,Equal Weight,benchmark,2022-09-01,2022-08-31,2021-09-01,2022-08-31,365,365,10,365,True,benchmark,Equal Weight benchmark,,1.0,0.0,0.1,0.1,,0.0,False,,long_only; fully_invested; no_leverage
Crypto-only,Equal Weight,benchmark,2022-10-01,2022-09-30,2021-10-01,2022-09-30,365,365,10,365,True,benchmark,Equal Weight benchmark,,1.0,0.0,0.1,0.1,,0.0,False,,long_only; fully_invested; no_leverage
Crypto-only,Equal Weight,benchmark,2022-11-01,2022-10-31,2021-11-01,2022-10-31,365,365,10,365,True,benchmark,Equal Weight benchmark,,1.0,0.0,0.1,0.1,,0.0,False,,long_only; fully_invested; no_leverage
Crypto-only,Equal Weight,benchmark,2022-12-01,2022-11-30,2021-12-01,2022-11-30,365,365,10,365,True,benchmark,Equal Weight benchmark,,1.0,0.0,0.1,0.1,,0.0,False,,long_only; fully_invested; no_leverage
Crypto-only,Equal Weight,benchmark,2023-01-01,2022-12-31,2022-01-01,2022-12-31,365,365,10,365,True,benchmark,Equal Weight benchmark,,1.0,0.0,0.1,0.1,,0.0,False,,long_only; fully_invested; no_leverage
Crypto-only,Equal Weight,benchmark,2023-02-01,2023-01-31,2022-02-01,2023-01-31,365,365,10,365,True,benchmark,Equal Weight benchmark,,1.0,0.0,0.1,0.1,,0.0,False,,long_only; fully_invested; no_leverage
Crypto-only,Equal Weight,benchmark,2023-03-01,2023-02-28,2022-03-01,2023-02-28,365,365,10,365,True,benchmark,Equal Weight benchmark,,1.0,0.0,0.1,0.1,,0.0,False,,long_only; fully_invested; no_leverage
Crypto-only,Equal Weight,benchmark,2023-04-01,2023-03-31,2022-04-01,2023-03-31,365,365,10,365,True,benchmark,Equal Weight benchmark,,1.0,0.0,0.1,0.1,,0.0,False,,long_only; fully_invested; no_leverage
Crypto-only,Equal Weight,benchmark,2023-05-01,2023-04-30,2022-05-01,2023-04-30,365,365,10,365,True,benchmark,Equal Weight benchmark,,1.0,0.0,0.1,0.1,,0.0,False,,long_only; fully_invested; no_leverage
Crypto-only,Equal Weight,benchmark,2023-06-01,2023-05-31,2022-06-01,2023-05-31,365,365,10,365,True,benchmark,Equal Weight benchmark,,1.0,0.0,0.1,0.1,,0.0,False,,long_only; fully_invested; no_leverage
Crypto-only,Equal Weight,benchmark,2023-07-01,2023-06-30,2022-07-01,2023-06-30,365,365,10,365,True,benchmark,Equal Weight benchmark,,1.0,0.0,0.1,0.1,,0.0,False,,long_only; fully_invested; no_leverage
Crypto-only,Equal Weight,benchmark,2023-08-01,2023-07-31,2022-08-01,2023-07-31,365,365,10,365,True,benchmark,Equal Weight benchmark,,1.0,0.0,0.1,0.1,,0.0,False,,long_only; fully_invested; no_leverage
Crypto-only,Equal Weight,benchmark,2023-09-01,2023-08-31,2022-09-01,2023-08-31,365,365,10,365,True,benchmark,Equal Weight benchmark,,1.0,0.0,0.1,0.1,,0.0,False,,long_only; fully_invested; no_leverage
Crypto-only,Equal Weight,benchmark,2023-10-01,2023-09-30,2022-10-01,2023-09-30,365,365,10,365,True,benchmark,Equal Weight benchmark,,1.0,0.0,0.1,0.1,,0.0,False,,long_only; fully_invested; no_leverage
Crypto-only,Equal Weight,benchmark,2023-11-01,2023-10-31,2022-11-01,2023-10-31,365,365,10,365,True,benchmark,Equal Weight benchmark,,1.0,0.0,0.1,0.1,,0.0,False,,long_only; fully_invested; no_leverage
Crypto-only,Equal Weight,benchmark,2023-12-01,2023-11-30,2022-12-01,2023-11-30,365,365,10,365,True,benchmark,Equal Weight benchmark,,1.0,0.0,0.1,0.1,,0.0,False,,long_only; fully_invested; no_leverage
Crypto-only,Maximum Sharpe,optimisation,2021-01-01,2020-12-31,2020-01-02,2020-12-31,365,365,10,365,True,0,Optimization terminated successfully,-0.1281617593697687,1.0,0.0,0.0,0.5244758144085541,89.8139513271717,0.0,False,,long_only; fully_invested; no_leverage
Crypto-only,Maximum Sharpe,optimisation,2021-02-01,2021-01-31,2020-02-02,2021-01-31,365,365,10,365,True,0,Optimization terminated successfully,-0.13068411598536503,1.0,0.0,0.0,0.7636944018087393,75.33558530462112,0.0,False,,long_only; fully_invested; no_leverage
Crypto-only,Maximum Sharpe,optimisation,2021-03-01,2021-02-28,2020-03-01,2021-02-28,365,365,10,365,True,0,Optimization terminated successfully,-0.1729790704228217,1.0000000000000002,2.220446049250313e-16,0.0,0.6445453795237753,74.0543704156431,0.0,False,,long_only; fully_invested; no_leverage
Crypto-only,Maximum Sharpe,optimisation,2021-04-01,2021-03-31,2020-04-01,2021-03-31,365,365,10,365,True,0,Optimization terminated successfully,-0.223982473672864,1.0,0.0,0.0,0.581421185066674,51.298844618433144,0.0,False,,long_only; fully_invested; no_leverage
Crypto-only,Maximum Sharpe,optimisation,2021-05-01,2021-04-30,2020-05-01,2021-04-30,365,365,10,365,True,0,Optimization terminated successfully,-0.20629462726782516,1.0,0.0,0.0,0.379995996985447,55.47690831977859,0.0,False,,long_only; fully_invested; no_leverage
Crypto-only,Maximum Sharpe,optimisation,2021-06-01,2021-05-31,2020-06-01,2021-05-31,365,365,10,365,True,0,Optimization terminated successfully,-0.17452864871219367,1.0,0.0,0.0,0.43414492980967007,72.75683473955242,0.0,False,,long_only; fully_invested; no_leverage
Crypto-only,Maximum Sharpe,optimisation,2021-07-01,2021-06-30,2020-07-01,2021-06-30,365,365,10,365,True,0,Optimization terminated successfully,-0.1606498416912215,1.0,0.0,0.0,0.4180137469221628,70.20327863480644,0.0,False,,long_only; fully_invested; no_leverage
Crypto-only,Maximum Sharpe,optimisation,2021-08-01,2021-07-31,2020-08-01,2021-07-31,365,365,10,365,True,0,Optimization terminated successfully,-0.14004572967304277,1.0,0.0,0.0,0.3386206828816601,70.76295866669683,0.0,False,,long_only; fully_invested; no_leverage
Crypto-only,Maximum Sharpe,optimisation,2021-09-01,2021-08-31,2020-09-01,2021-08-31,365,365,10,365,True,0,Optimization terminated successfully,-0.16296603377473565,0.9999999999999999,-1.1102230246251565e-16,0.0,0.5640343015826548,73.26728127102425,0.0,False,,long_only; fully_invested; no_leverage
Crypto-only,Maximum Sharpe,optimisation,2021-10-01,2021-09-30,2020-10-01,2021-09-30,365,365,10,365,True,0,Optimization terminated successfully,-0.1606032765572921,1.0,0.0,0.0,0.5584140432974674,73.57058882514184,0.0,False,,long_only; fully_invested; no_leverage
Crypto-only,Maximum Sharpe,optimisation,2021-11-01,2021-10-31,2020-11-01,2021-10-31,365,365,10,365,True,0,Optimization terminated successfully,-0.166217776274201,1.0,0.0,0.0,0.48204871644963637,71.81864563406948,0.0,False,,long_only; fully_invested; no_leverage
Crypto-only,Maximum Sharpe,optimisation,2021-12-01,2021-11-30,2020-12-01,2021-11-30,365,365,10,365,True,0,Optimization terminated successfully,-0.13938996678157073,0.9999999999999999,-1.1102230246251565e-16,0.0,0.5012086717709778,70.55614914789182,0.0,False,,long_only; fully_invested; no_leverage
Crypto-only,Maximum Sharpe,optimisation,2022-01-01,2021-12-31,2021-01-01,2021-12-31,365,365,10,365,True,0,Optimization terminated successfully,-0.126027283654386,1.0,0.0,0.0,0.41787465141885227,72.3924290080276,0.0,False,,long_only; fully_invested; no_leverage
Crypto-only,Maximum Sharpe,optimisation,2022-02-01,2022-01-31,2021-02-01,2022-01-31,365,365,10,365,True,0,Optimization terminated successfully,-0.09095796539979788,1.0,0.0,0.0,0.535365155141082,79.58440957959579,0.0,False,,long_only; fully_invested; no_leverage
Crypto-only,Maximum Sharpe,optimisation,2022-03-01,2022-02-28,2021-03-01,2022-02-28,365,365,10,365,True,0,Optimization terminated successfully,-0.07789606240111767,1.0,0.0,0.0,0.5492029283765922,87.02164130770622,0.0,False,,long_only; fully_invested; no_leverage
Crypto-only,Maximum Sharpe,optimisation,2022-04-01,2022-03-31,2021-04-01,2022-03-31,365,365,10,365,True,0,Optimization terminated successfully,-0.07940760122440965,1.0,0.0,0.0,0.9167628021276314,88.56970653339664,0.0,False,,long_only; fully_invested; no_leverage
Crypto-only,Maximum Sharpe,optimisation,2022-05-01,2022-04-30,2021-05-01,2022-04-30,365,365,10,365,True,0,Optimization terminated successfully,-0.025355922438924313,0.9999999999999998,-2.220446049250313e-16,0.0,0.7252735173801836,91.69323426918795,0.0,False,,long_only; fully_invested; no_leverage
Crypto-only,Maximum Sharpe,optimisation,2022-06-01,2022-05-31,2021-06-01,2022-05-31,365,365,10,365,True,0,Optimization terminated successfully,-0.02856866916503304,1.0,0.0,0.0,0.9999999999999991,106.49156473650514,0.0,False,,long_only; fully_invested; no_leverage
Crypto-only,Maximum Sharpe,optimisation,2022-07-01,2022-06-30,2021-07-01,2022-06-30,365,365,10,365,True,0,Optimization terminated successfully,-0.01928578960301581,0.9999999999999999,-1.1102230246251565e-16,0.0,0.9999999999999992,108.6950897456329,0.0,False,,long_only; fully_invested; no_leverage
Crypto-only,Maximum Sharpe,optimisation,2022-08-01,2022-07-31,2021-08-01,2022-07-31,365,365,10,365,True,0,Optimization terminated successfully,-0.026737476652749278,1.0,0.0,0.0,0.9999999999999998,110.22335935631605,0.0,False,,long_only; fully_invested; no_leverage
Crypto-only,Maximum Sharpe,optimisation,2022-09-01,2022-08-31,2021-09-01,2022-08-31,365,365,10,365,True,0,Optimization terminated successfully,-0.0003955375306479388,1.0,0.0,0.0,0.9999999999999998,107.16128977438608,0.0,False,,long_only; fully_invested; no_leverage
Crypto-only,Maximum Sharpe,optimisation,2022-10-01,2022-09-30,2021-10-01,2022-09-30,365,365,10,365,True,0,Optimization terminated successfully,-0.0040399078343643586,1.0,0.0,0.0,1.0,95.37972847495215,0.0,False,,long_only; fully_invested; no_leverage
Crypto-only,Maximum Sharpe,optimisation,2022-11-01,2022-10-31,2021-11-01,2022-10-31,365,365,10,365,True,0,Optimization terminated successfully,0.008938443336617032,0.9999999999999999,-1.1102230246251565e-16,0.0,0.9999999999999994,107.23172559809133,0.0,False,,long_only; fully_invested; no_leverage
Crypto-only,Maximum Sharpe,optimisation,2022-12-01,2022-11-30,2021-12-01,2022-11-30,365,365,10,365,True,0,Optimization terminated successfully,0.00952974675839323,1.0,0.0,0.0,0.9999999999999999,124.10985848739608,0.0,False,,long_only; fully_invested; no_leverage
Crypto-only,Maximum Sharpe,optimisation,2023-01-01,2022-12-31,2022-01-01,2022-12-31,365,365,10,365,True,0,Optimization terminated successfully,0.005801567902607115,1.0,0.0,0.0,0.9999999999999989,127.02537016970047,0.0,False,,long_only; fully_invested; no_leverage
Crypto-only,Maximum Sharpe,optimisation,2023-02-01,2023-01-31,2022-02-01,2023-01-31,365,365,10,365,True,0,Optimization terminated successfully,-0.02503124098455165,1.0,0.0,0.0,0.6170841374017155,127.82233875649285,0.0,False,,long_only; fully_invested; no_leverage
Crypto-only,Maximum Sharpe,optimisation,2023-03-01,2023-02-28,2022-03-01,2023-02-28,365,365,10,365,True,0,Optimization terminated successfully,-0.02603156928208653,0.9999999999999999,-1.1102230246251565e-16,0.0,0.9999999999999998,133.50767542189956,0.0,False,,long_only; fully_invested; no_leverage
Crypto-only,Maximum Sharpe,optimisation,2023-04-01,2023-03-31,2022-04-01,2023-03-31,365,365,10,365,True,0,Optimization terminated successfully,-0.00885632074039226,1.0,0.0,0.0,0.9999999999999978,131.44208951762738,0.0,False,,long_only; fully_invested; no_leverage
Crypto-only,Maximum Sharpe,optimisation,2023-05-01,2023-04-30,2022-05-01,2023-04-30,365,365,10,365,True,0,Optimization terminated successfully,-0.023302617722813997,1.0,0.0,0.0,0.7996490792298021,114.48444183357408,0.0,False,,long_only; fully_invested; no_leverage
Crypto-only,Maximum Sharpe,optimisation,2023-06-01,2023-05-31,2022-06-01,2023-05-31,365,365,10,365,True,0,Optimization terminated successfully,-0.040862452291048415,1.0,0.0,0.0,0.6576599831648804,99.40013597221724,0.0,False,,long_only; fully_invested; no_leverage
Crypto-only,Maximum Sharpe,optimisation,2023-07-01,2023-06-30,2022-07-01,2023-06-30,365,365,10,365,True,0,Optimization terminated successfully,-0.08815552789871785,1.0,0.0,0.0,0.7810778683030861,96.26318964235216,0.0,False,,long_only; fully_invested; no_leverage
Crypto-only,Maximum Sharpe,optimisation,2023-08-01,2023-07-31,2022-08-01,2023-07-31,365,365,10,365,True,0,Optimization terminated successfully,-0.06851513920333545,1.0,0.0,0.0,0.5244231005541846,109.18576797483381,0.0,False,,long_only; fully_invested; no_leverage
Crypto-only,Maximum Sharpe,optimisation,2023-09-01,2023-08-31,2022-09-01,2023-08-31,365,365,10,365,True,0,Optimization terminated successfully,-0.06438905691502193,1.0,0.0,0.0,0.6655647711530958,116.93933859068017,0.0,False,,long_only; fully_invested; no_leverage
Crypto-only,Maximum Sharpe,optimisation,2023-10-01,2023-09-30,2022-10-01,2023-09-30,365,365,10,365,True,0,Optimization terminated successfully,-0.07054291137299251,1.0,0.0,0.0,0.5820158913515087,138.34051805669276,0.0,False,,long_only; fully_invested; no_leverage
Crypto-only,Maximum Sharpe,optimisation,2023-11-01,2023-10-31,2022-11-01,2023-10-31,365,365,10,365,True,0,Optimization terminated successfully,-0.08008829036798383,1.0,0.0,0.0,0.3712094955427022,134.18717726695678,0.0,False,,long_only; fully_invested; no_leverage
Crypto-only,Maximum Sharpe,optimisation,2023-12-01,2023-11-30,2022-12-01,2023-11-30,365,365,10,365,True,0,Optimization terminated successfully,-0.11225734220546475,1.0,0.0,0.0,0.6665734423068552,107.9915874776337,0.0,False,,long_only; fully_invested; no_leverage
Crypto-only,Minimum Variance,optimisation,2021-01-01,2020-12-31,2020-01-02,2020-12-31,365,365,10,365,True,0,Optimization terminated successfully,0.001412768976790627,0.9999999999999998,-2.220446049250313e-16,0.0,0.9053462958882368,89.8139513271717,0.0,False,,long_only; fully_invested; no_leverage
Crypto-only,Minimum Variance,optimisation,2021-02-01,2021-01-31,2020-02-02,2021-01-31,365,365,10,365,True,0,Optimization terminated successfully,0.0015671902006008345,1.0,0.0,0.0,0.8245214269654296,75.33558530462112,0.0,False,,long_only; fully_invested; no_leverage
Crypto-only,Minimum Variance,optimisation,2021-03-01,2021-02-28,2020-03-01,2021-02-28,365,365,10,365,True,0,Optimization terminated successfully,0.0017078599568934724,1.0,0.0,0.0,0.7991145887738004,74.0543704156431,0.0,False,,long_only; fully_invested; no_leverage
Crypto-only,Minimum Variance,optimisation,2021-04-01,2021-03-31,2020-04-01,2021-03-31,365,365,10,365,True,0,Optimization terminated successfully,0.0011423213079477194,1.0000000000000002,2.220446049250313e-16,0.0,0.7810556859932128,51.298844618433144,0.0,False,,long_only; fully_invested; no_leverage
Crypto-only,Minimum Variance,optimisation,2021-05-01,2021-04-30,2020-05-01,2021-04-30,365,365,10,365,True,0,Optimization terminated successfully,0.0011708319756158641,1.0,0.0,0.0,0.8236530370757211,55.47690831977859,0.0,False,,long_only; fully_invested; no_leverage
Crypto-only,Minimum Variance,optimisation,2021-06-01,2021-05-31,2020-06-01,2021-05-31,365,365,10,365,True,0,Optimization terminated successfully,0.0014283194897887089,0.9999999999999999,-1.1102230246251565e-16,0.0,0.962454272045246,72.75683473955242,0.0,False,,long_only; fully_invested; no_leverage
Crypto-only,Minimum Variance,optimisation,2021-07-01,2021-06-30,2020-07-01,2021-06-30,365,365,10,365,True,0,Optimization terminated successfully,0.0015893000831776172,1.0,0.0,0.0,0.9486908986270812,70.20327863480644,0.0,False,,long_only; fully_invested; no_leverage
Crypto-only,Minimum Variance,optimisation,2021-08-01,2021-07-31,2020-08-01,2021-07-31,365,365,10,365,True,0,Optimization terminated successfully,0.0016290644660914113,1.0,0.0,0.0,0.9569186276242638,70.76295866669683,0.0,False,,long_only; fully_invested; no_leverage
Crypto-only,Minimum Variance,optimisation,2021-09-01,2021-08-31,2020-09-01,2021-08-31,365,365,10,365,True,0,Optimization terminated successfully,0.0016722370753121509,1.0,0.0,0.0,0.9461389226071716,73.26728127102425,0.0,False,,long_only; fully_invested; no_leverage
Crypto-only,Minimum Variance,optimisation,2021-10-01,2021-09-30,2020-10-01,2021-09-30,365,365,10,365,True,0,Optimization terminated successfully,0.0017356887290128718,1.0,0.0,0.0,0.9689952928924973,73.57058882514184,0.0,False,,long_only; fully_invested; no_leverage
Crypto-only,Minimum Variance,optimisation,2021-11-01,2021-10-31,2020-11-01,2021-10-31,365,365,10,365,True,0,Optimization terminated successfully,0.001805947395479846,0.9999999999999999,-1.1102230246251565e-16,0.0,0.95297201872292,71.81864563406948,0.0,False,,long_only; fully_invested; no_leverage
Crypto-only,Minimum Variance,optimisation,2021-12-01,2021-11-30,2020-12-01,2021-11-30,365,365,10,365,True,0,Optimization terminated successfully,0.0017725733933672307,1.0,0.0,0.0,0.9543197871805759,70.55614914789182,0.0,False,,long_only; fully_invested; no_leverage
Crypto-only,Minimum Variance,optimisation,2022-01-01,2021-12-31,2021-01-01,2021-12-31,365,365,10,365,True,0,Optimization terminated successfully,0.001767990496186607,1.0,0.0,0.0,0.9662912723428689,72.3924290080276,0.0,False,,long_only; fully_invested; no_leverage
Crypto-only,Minimum Variance,optimisation,2022-02-01,2022-01-31,2021-02-01,2022-01-31,365,365,10,365,True,0,Optimization terminated successfully,0.0015789806782263189,0.9999999999999999,-1.1102230246251565e-16,0.0,0.9693019612948082,79.58440957959579,0.0,False,,long_only; fully_invested; no_leverage
Crypto-only,Minimum Variance,optimisation,2022-03-01,2022-02-28,2021-03-01,2022-02-28,365,365,10,365,True,0,Optimization terminated successfully,0.001516315414048164,0.9999999999999999,-1.1102230246251565e-16,0.0,0.9999999999999998,87.02164130770622,0.0,False,,long_only; fully_invested; no_leverage
Crypto-only,Minimum Variance,optimisation,2022-04-01,2022-03-31,2021-04-01,2022-03-31,365,365,10,365,True,0,Optimization terminated successfully,0.0014887128563878004,0.9999999999999999,-1.1102230246251565e-16,0.0,0.9999999999999998,88.56970653339664,0.0,False,,long_only; fully_invested; no_leverage
Crypto-only,Minimum Variance,optimisation,2022-05-01,2022-04-30,2021-05-01,2022-04-30,365,365,10,365,True,0,Optimization terminated successfully,0.0014381550325921499,1.0,0.0,0.0,0.9909720540789202,91.69323426918795,0.0,False,,long_only; fully_invested; no_leverage
Crypto-only,Minimum Variance,optimisation,2022-06-01,2022-05-31,2021-06-01,2022-05-31,365,365,10,365,True,0,Optimization terminated successfully,0.0012618424407829871,1.0,0.0,0.0,0.8468443827715009,106.49156473650514,0.0,False,,long_only; fully_invested; no_leverage
Crypto-only,Minimum Variance,optimisation,2022-07-01,2022-06-30,2021-07-01,2022-06-30,365,365,10,365,True,0,Optimization terminated successfully,0.0012155645494680248,0.9999999999999999,-1.1102230246251565e-16,0.0,0.8051188614643392,108.6950897456329,0.0,False,,long_only; fully_invested; no_leverage
Crypto-only,Minimum Variance,optimisation,2022-08-01,2022-07-31,2021-08-01,2022-07-31,365,365,10,365,True,0,Optimization terminated successfully,0.0012147455683694038,1.0,0.0,0.0,0.7856621336109899,110.22335935631605,0.0,False,,long_only; fully_invested; no_leverage
Crypto-only,Minimum Variance,optimisation,2022-09-01,2022-08-31,2021-09-01,2022-08-31,365,365,10,365,True,0,Optimization terminated successfully,0.0011758496386073747,1.0,0.0,0.0,0.7688889116583624,107.16128977438608,0.0,False,,long_only; fully_invested; no_leverage
Crypto-only,Minimum Variance,optimisation,2022-10-01,2022-09-30,2021-10-01,2022-09-30,365,365,10,365,True,0,Optimization terminated successfully,0.0010590739229628114,1.0,0.0,0.0,0.6237529297755554,95.37972847495215,0.0,False,,long_only; fully_invested; no_leverage
Crypto-only,Minimum Variance,optimisation,2022-11-01,2022-10-31,2021-11-01,2022-10-31,365,365,10,365,True,0,Optimization terminated successfully,0.0009900307218799055,1.0,0.0,0.0,0.6494135211631415,107.23172559809133,0.0,False,,long_only; fully_invested; no_leverage
Crypto-only,Minimum Variance,optimisation,2022-12-01,2022-11-30,2021-12-01,2022-11-30,365,365,10,365,True,0,Optimization terminated successfully,0.0010135371637762106,1.0,0.0,0.0,0.5811767852522439,124.10985848739608,0.0,False,,long_only; fully_invested; no_leverage
Crypto-only,Minimum Variance,optimisation,2023-01-01,2022-12-31,2022-01-01,2022-12-31,365,365,10,365,True,0,Optimization terminated successfully,0.0009483970831105861,1.0,0.0,0.0,0.5862422040361135,127.02537016970047,0.0,False,,long_only; fully_invested; no_leverage
Crypto-only,Minimum Variance,optimisation,2023-02-01,2023-01-31,2022-02-01,2023-01-31,365,365,10,365,True,0,Optimization terminated successfully,0.0009246700629655152,1.0,0.0,0.0,0.5595245686943685,127.82233875649285,0.0,False,,long_only; fully_invested; no_leverage
Crypto-only,Minimum Variance,optimisation,2023-03-01,2023-02-28,2022-03-01,2023-02-28,365,365,10,365,True,0,Optimization terminated successfully,0.0008598362776233047,1.0,0.0,0.0,0.6042529402166208,133.50767542189956,0.0,False,,long_only; fully_invested; no_leverage
Crypto-only,Minimum Variance,optimisation,2023-04-01,2023-03-31,2022-04-01,2023-03-31,365,365,10,365,True,0,Optimization terminated successfully,0.0009135083276757985,1.0,0.0,0.0,0.648099274348514,131.44208951762738,0.0,False,,long_only; fully_invested; no_leverage
Crypto-only,Minimum Variance,optimisation,2023-05-01,2023-04-30,2022-05-01,2023-04-30,365,365,10,365,True,0,Optimization terminated successfully,0.0008682824120406552,1.0,0.0,0.0,0.5792892279074346,114.48444183357408,0.0,False,,long_only; fully_invested; no_leverage
Crypto-only,Minimum Variance,optimisation,2023-06-01,2023-05-31,2022-06-01,2023-05-31,365,365,10,365,True,0,Optimization terminated successfully,0.0006427024930745449,1.0,0.0,0.0,0.6531532615061808,99.40013597221724,0.0,False,,long_only; fully_invested; no_leverage
Crypto-only,Minimum Variance,optimisation,2023-07-01,2023-06-30,2022-07-01,2023-06-30,365,365,10,365,True,0,Optimization terminated successfully,0.0005258197313927159,1.0,0.0,0.0,0.7243909010120138,96.26318964235216,0.0,False,,long_only; fully_invested; no_leverage
Crypto-only,Minimum Variance,optimisation,2023-08-01,2023-07-31,2022-08-01,2023-07-31,365,365,10,365,True,0,Optimization terminated successfully,0.0005027382258912324,1.0,0.0,0.0,0.6505838671083306,109.18576797483381,0.0,False,,long_only; fully_invested; no_leverage
Crypto-only,Minimum Variance,optimisation,2023-09-01,2023-08-31,2022-09-01,2023-08-31,365,365,10,365,True,0,Optimization terminated successfully,0.00047864521448278064,1.0,0.0,0.0,0.6489964582363185,116.93933859068017,0.0,False,,long_only; fully_invested; no_leverage
Crypto-only,Minimum Variance,optimisation,2023-10-01,2023-09-30,2022-10-01,2023-09-30,365,365,10,365,True,0,Optimization terminated successfully,0.0004507943862291449,1.0,0.0,0.0,0.5719313092421259,138.34051805669276,0.0,False,,long_only; fully_invested; no_leverage
Crypto-only,Minimum Variance,optimisation,2023-11-01,2023-10-31,2022-11-01,2023-10-31,365,365,10,365,True,0,Optimization terminated successfully,0.00045905774317135504,1.0,0.0,0.0,0.6022337931360492,134.18717726695678,0.0,False,,long_only; fully_invested; no_leverage
Crypto-only,Minimum Variance,optimisation,2023-12-01,2023-11-30,2022-12-01,2023-11-30,365,365,10,365,True,0,Optimization terminated successfully,0.00039681455163441154,1.0,0.0,0.0,0.5013440626061869,107.9915874776337,0.0,False,,long_only; fully_invested; no_leverage
Equity-only,Equal Weight,benchmark,2021-01-04,2020-12-31,2020-01-03,2020-12-31,252,252,50,252,True,benchmark,Equal Weight benchmark,,1.0,0.0,0.02,0.02,,0.0,False,,long_only; fully_invested; no_leverage
Equity-only,Equal Weight,benchmark,2021-02-01,2021-01-29,2020-01-31,2021-01-29,252,252,50,252,True,benchmark,Equal Weight benchmark,,1.0,0.0,0.02,0.02,,0.0,False,,long_only; fully_invested; no_leverage
Equity-only,Equal Weight,benchmark,2021-03-01,2021-02-26,2020-02-28,2021-02-26,252,252,50,252,True,benchmark,Equal Weight benchmark,,1.0,0.0,0.02,0.02,,0.0,False,,long_only; fully_invested; no_leverage
Equity-only,Equal Weight,benchmark,2021-04-01,2021-03-31,2020-04-01,2021-03-31,252,252,50,252,True,benchmark,Equal Weight benchmark,,1.0,0.0,0.02,0.02,,0.0,False,,long_only; fully_invested; no_leverage
Equity-only,Equal Weight,benchmark,2021-05-03,2021-04-30,2020-05-01,2021-04-30,252,252,50,252,True,benchmark,Equal Weight benchmark,,1.0,0.0,0.02,0.02,,0.0,False,,long_only; fully_invested; no_leverage
Equity-only,Equal Weight,benchmark,2021-06-01,2021-05-28,2020-06-01,2021-05-28,252,252,50,252,True,benchmark,Equal Weight benchmark,,1.0,0.0,0.02,0.02,,0.0,False,,long_only; fully_invested; no_leverage
Equity-only,Equal Weight,benchmark,2021-07-01,2021-06-30,2020-07-01,2021-06-30,252,252,50,252,True,benchmark,Equal Weight benchmark,,1.0,0.0,0.02,0.02,,0.0,False,,long_only; fully_invested; no_leverage
Equity-only,Equal Weight,benchmark,2021-08-02,2021-07-30,2020-07-31,2021-07-30,252,252,50,252,True,benchmark,Equal Weight benchmark,,1.0,0.0,0.02,0.02,,0.0,False,,long_only; fully_invested; no_leverage
Equity-only,Equal Weight,benchmark,2021-09-01,2021-08-31,2020-09-01,2021-08-31,252,252,50,252,True,benchmark,Equal Weight benchmark,,1.0,0.0,0.02,0.02,,0.0,False,,long_only; fully_invested; no_leverage
Equity-only,Equal Weight,benchmark,2021-10-01,2021-09-30,2020-10-01,2021-09-30,252,252,50,252,True,benchmark,Equal Weight benchmark,,1.0,0.0,0.02,0.02,,0.0,False,,long_only; fully_invested; no_leverage
Equity-only,Equal Weight,benchmark,2021-11-01,2021-10-29,2020-10-30,2021-10-29,252,252,50,252,True,benchmark,Equal Weight benchmark,,1.0,0.0,0.02,0.02,,0.0,False,,long_only; fully_invested; no_leverage
Equity-only,Equal Weight,benchmark,2021-12-01,2021-11-30,2020-12-01,2021-11-30,252,252,50,252,True,benchmark,Equal Weight benchmark,,1.0,0.0,0.02,0.02,,0.0,False,,long_only; fully_invested; no_leverage
Equity-only,Equal Weight,benchmark,2022-01-03,2021-12-31,2021-01-04,2021-12-31,252,252,50,252,True,benchmark,Equal Weight benchmark,,1.0,0.0,0.02,0.02,,0.0,False,,long_only; fully_invested; no_leverage
Equity-only,Equal Weight,benchmark,2022-02-01,2022-01-31,2021-02-02,2022-01-31,252,252,50,252,True,benchmark,Equal Weight benchmark,,1.0,0.0,0.02,0.02,,0.0,False,,long_only; fully_invested; no_leverage
Equity-only,Equal Weight,benchmark,2022-03-01,2022-02-28,2021-03-02,2022-02-28,252,252,50,252,True,benchmark,Equal Weight benchmark,,1.0,0.0,0.02,0.02,,0.0,False,,long_only; fully_invested; no_leverage
Equity-only,Equal Weight,benchmark,2022-04-01,2022-03-31,2021-04-05,2022-03-31,252,252,50,252,True,benchmark,Equal Weight benchmark,,1.0,0.0,0.02,0.02,,0.0,False,,long_only; fully_invested; no_leverage
Equity-only,Equal Weight,benchmark,2022-05-02,2022-04-29,2021-05-03,2022-04-29,252,252,50,252,True,benchmark,Equal Weight benchmark,,1.0,0.0,0.02,0.02,,0.0,False,,long_only; fully_invested; no_leverage
Equity-only,Equal Weight,benchmark,2022-06-01,2022-05-31,2021-06-02,2022-05-31,252,252,50,252,True,benchmark,Equal Weight benchmark,,1.0,0.0,0.02,0.02,,0.0,False,,long_only; fully_invested; no_leverage
Equity-only,Equal Weight,benchmark,2022-07-01,2022-06-30,2021-07-01,2022-06-30,252,252,50,252,True,benchmark,Equal Weight benchmark,,1.0,0.0,0.02,0.02,,0.0,False,,long_only; fully_invested; no_leverage
Equity-only,Equal Weight,benchmark,2022-08-01,2022-07-29,2021-07-30,2022-07-29,252,252,50,252,True,benchmark,Equal Weight benchmark,,1.0,0.0,0.02,0.02,,0.0,False,,long_only; fully_invested; no_leverage
Equity-only,Equal Weight,benchmark,2022-09-01,2022-08-31,2021-09-01,2022-08-31,252,252,50,252,True,benchmark,Equal Weight benchmark,,1.0,0.0,0.02,0.02,,0.0,False,,long_only; fully_invested; no_leverage
Equity-only,Equal Weight,benchmark,2022-10-03,2022-09-30,2021-10-01,2022-09-30,252,252,50,252,True,benchmark,Equal Weight benchmark,,1.0,0.0,0.02,0.02,,0.0,False,,long_only; fully_invested; no_leverage
Equity-only,Equal Weight,benchmark,2022-11-01,2022-10-31,2021-11-01,2022-10-31,252,252,50,252,True,benchmark,Equal Weight benchmark,,1.0,0.0,0.02,0.02,,0.0,False,,long_only; fully_invested; no_leverage
Equity-only,Equal Weight,benchmark,2022-12-01,2022-11-30,2021-12-01,2022-11-30,252,252,50,252,True,benchmark,Equal Weight benchmark,,1.0,0.0,0.02,0.02,,0.0,False,,long_only; fully_invested; no_leverage
Equity-only,Equal Weight,benchmark,2023-01-03,2022-12-30,2021-12-31,2022-12-30,252,252,50,252,True,benchmark,Equal Weight benchmark,,1.0,0.0,0.02,0.02,,0.0,False,,long_only; fully_invested; no_leverage
Equity-only,Equal Weight,benchmark,2023-02-01,2023-01-31,2022-01-31,2023-01-31,252,252,50,252,True,benchmark,Equal Weight benchmark,,1.0,0.0,0.02,0.02,,0.0,False,,long_only; fully_invested; no_leverage
Equity-only,Equal Weight,benchmark,2023-03-01,2023-02-28,2022-02-28,2023-02-28,252,252,50,252,True,benchmark,Equal Weight benchmark,,1.0,0.0,0.02,0.02,,0.0,False,,long_only; fully_invested; no_leverage
Equity-only,Equal Weight,benchmark,2023-04-03,2023-03-31,2022-03-31,2023-03-31,252,252,50,252,True,benchmark,Equal Weight benchmark,,1.0,0.0,0.02,0.02,,0.0,False,,long_only; fully_invested; no_leverage
Equity-only,Equal Weight,benchmark,2023-05-01,2023-04-28,2022-04-28,2023-04-28,252,252,50,252,True,benchmark,Equal Weight benchmark,,1.0,0.0,0.02,0.02,,0.0,False,,long_only; fully_invested; no_leverage
Equity-only,Equal Weight,benchmark,2023-06-01,2023-05-31,2022-05-31,2023-05-31,252,252,50,252,True,benchmark,Equal Weight benchmark,,1.0,0.0,0.02,0.02,,0.0,False,,long_only; fully_invested; no_leverage
Equity-only,Equal Weight,benchmark,2023-07-03,2023-06-30,2022-06-30,2023-06-30,252,252,50,252,True,benchmark,Equal Weight benchmark,,1.0,0.0,0.02,0.02,,0.0,False,,long_only; fully_invested; no_leverage
Equity-only,Equal Weight,benchmark,2023-08-01,2023-07-31,2022-07-29,2023-07-31,252,252,50,252,True,benchmark,Equal Weight benchmark,,1.0,0.0,0.02,0.02,,0.0,False,,long_only; fully_invested; no_leverage
Equity-only,Equal Weight,benchmark,2023-09-01,2023-08-31,2022-08-31,2023-08-31,252,252,50,252,True,benchmark,Equal Weight benchmark,,1.0,0.0,0.02,0.02,,0.0,False,,long_only; fully_invested; no_leverage
Equity-only,Equal Weight,benchmark,2023-10-02,2023-09-29,2022-09-29,2023-09-29,252,252,50,252,True,benchmark,Equal Weight benchmark,,1.0,0.0,0.02,0.02,,0.0,False,,long_only; fully_invested; no_leverage
Equity-only,Equal Weight,benchmark,2023-11-01,2023-10-31,2022-10-31,2023-10-31,252,252,50,252,True,benchmark,Equal Weight benchmark,,1.0,0.0,0.02,0.02,,0.0,False,,long_only; fully_invested; no_leverage
Equity-only,Equal Weight,benchmark,2023-12-01,2023-11-30,2022-11-30,2023-11-30,252,252,50,252,True,benchmark,Equal Weight benchmark,,1.0,0.0,0.02,0.02,,0.0,False,,long_only; fully_invested; no_leverage
Equity-only,Maximum Sharpe,optimisation,2021-01-04,2020-12-31,2020-01-03,2020-12-31,252,252,50,252,True,0,Optimization terminated successfully,-0.1172712991856404,0.9999999999999999,-1.1102230246251565e-16,0.0,0.2911680597950627,708.2402856669546,0.0,False,,long_only; fully_invested; no_leverage
Equity-only,Maximum Sharpe,optimisation,2021-02-01,2021-01-29,2020-01-31,2021-01-29,252,252,50,252,True,0,Optimization terminated successfully,-0.10873902313621113,0.9999999999999999,-1.1102230246251565e-16,0.0,0.2555560894379754,661.1468383883407,0.0,False,,long_only; fully_invested; no_leverage
Equity-only,Maximum Sharpe,optimisation,2021-03-01,2021-02-26,2020-02-28,2021-02-26,252,252,50,252,True,0,Optimization terminated successfully,-0.13254952491936714,1.0,0.0,0.0,0.32971551685823386,663.0317180134276,0.0,False,,long_only; fully_invested; no_leverage
Equity-only,Maximum Sharpe,optimisation,2021-04-01,2021-03-31,2020-04-01,2021-03-31,252,252,50,252,True,0,Optimization terminated successfully,-0.20347164263426792,1.0,0.0,0.0,0.1753511408816611,384.10656775882586,0.0,False,,long_only; fully_invested; no_leverage
Equity-only,Maximum Sharpe,optimisation,2021-05-03,2021-04-30,2020-05-01,2021-04-30,252,252,50,252,True,0,Optimization terminated successfully,-0.22989794666848648,1.0,0.0,0.0,0.19996925523805467,349.6342331587687,0.0,False,,long_only; fully_invested; no_leverage
Equity-only,Maximum Sharpe,optimisation,2021-06-01,2021-05-28,2020-06-01,2021-05-28,252,252,50,252,True,0,Optimization terminated successfully,-0.24042516384522383,1.0,0.0,0.0,0.2100793135515519,338.3569609822231,0.0,False,,long_only; fully_invested; no_leverage
Equity-only,Maximum Sharpe,optimisation,2021-07-01,2021-06-30,2020-07-01,2021-06-30,252,252,50,252,True,0,Optimization terminated successfully,-0.27433283971009564,1.0,0.0,0.0,0.33750173587520127,284.1973126090401,0.0,False,,long_only; fully_invested; no_leverage
Equity-only,Maximum Sharpe,optimisation,2021-08-02,2021-07-30,2020-07-31,2021-07-30,252,252,50,252,True,0,Optimization terminated successfully,-0.2707079338321866,1.0,0.0,0.0,0.3885660789498042,291.6771564436484,0.0,False,,long_only; fully_invested; no_leverage
Equity-only,Maximum Sharpe,optimisation,2021-09-01,2021-08-31,2020-09-01,2021-08-31,252,252,50,252,True,0,Optimization terminated successfully,-0.2654725817496716,1.0,0.0,0.0,0.3934647849352765,314.34054638641004,0.0,False,,long_only; fully_invested; no_leverage
Equity-only,Maximum Sharpe,optimisation,2021-10-01,2021-09-30,2020-10-01,2021-09-30,252,252,50,252,True,0,Optimization terminated successfully,-0.2402496349495542,1.0,0.0,0.0,0.43688655280514427,344.88471341317205,0.0,False,,long_only; fully_invested; no_leverage
Equity-only,Maximum Sharpe,optimisation,2021-11-01,2021-10-29,2020-10-30,2021-10-29,252,252,50,252,True,0,Optimization terminated successfully,-0.30052839538687215,0.9999999999999999,-1.1102230246251565e-16,0.0,0.33776466907230873,315.90193579274955,0.0,False,,long_only; fully_invested; no_leverage
Equity-only,Maximum Sharpe,optimisation,2021-12-01,2021-11-30,2020-12-01,2021-11-30,252,252,50,252,True,0,Optimization terminated successfully,-0.26049115004817525,0.9999999999999999,-1.1102230246251565e-16,0.0,0.3728161038642195,268.8563391421107,0.0,False,,long_only; fully_invested; no_leverage
Equity-only,Maximum Sharpe,optimisation,2022-01-03,2021-12-31,2021-01-04,2021-12-31,252,252,50,252,True,0,Optimization terminated successfully,-0.27697834723487863,1.0000000000000002,2.220446049250313e-16,0.0,0.36698936961894196,290.93379288245063,0.0,False,,long_only; fully_invested; no_leverage
Equity-only,Maximum Sharpe,optimisation,2022-02-01,2022-01-31,2021-02-02,2022-01-31,252,252,50,252,True,0,Optimization terminated successfully,-0.2598218113073296,0.9999999999999998,-2.220446049250313e-16,0.0,0.4040783903051242,318.97193912360746,0.0,False,,long_only; fully_invested; no_leverage
Equity-only,Maximum Sharpe,optimisation,2022-03-01,2022-02-28,2021-03-02,2022-02-28,252,252,50,252,True,0,Optimization terminated successfully,-0.2361323295416111,1.0,0.0,0.0,0.4011288399561348,276.31723264519593,0.0,False,,long_only; fully_invested; no_leverage
Equity-only,Maximum Sharpe,optimisation,2022-04-01,2022-03-31,2021-04-05,2022-03-31,252,252,50,252,True,0,Optimization terminated successfully,-0.25233407372026945,0.9999999999999998,-2.220446049250313e-16,0.0,0.3204479843938092,311.33534815324646,0.0,False,,long_only; fully_invested; no_leverage
Equity-only,Maximum Sharpe,optimisation,2022-05-02,2022-04-29,2021-05-03,2022-04-29,252,252,50,252,True,0,Optimization terminated successfully,-0.18293679980598423,1.0,0.0,0.0,0.22374037750780912,314.1962107016654,0.0,False,,long_only; fully_invested; no_leverage
Equity-only,Maximum Sharpe,optimisation,2022-06-01,2022-05-31,2021-06-02,2022-05-31,252,252,50,252,True,0,Optimization terminated successfully,-0.17238185776483433,0.9999999999999999,-1.1102230246251565e-16,0.0,0.25413926551659755,429.5010735574554,0.0,False,,long_only; fully_invested; no_leverage
Equity-only,Maximum Sharpe,optimisation,2022-07-01,2022-06-30,2021-07-01,2022-06-30,252,252,50,252,True,0,Optimization terminated successfully,-0.13967648742498456,1.0,0.0,0.0,0.46793314265378433,510.53631347218675,0.0,False,,long_only; fully_invested; no_leverage
Equity-only,Maximum Sharpe,optimisation,2022-08-01,2022-07-29,2021-07-30,2022-07-29,252,252,50,252,True,0,Optimization terminated successfully,-0.14666909281404122,1.0,0.0,0.0,0.30248444701939425,519.2829925502882,0.0,False,,long_only; fully_invested; no_leverage
Equity-only,Maximum Sharpe,optimisation,2022-09-01,2022-08-31,2021-09-01,2022-08-31,252,252,50,252,True,0,Optimization terminated successfully,-0.14751053971150332,1.0,0.0,0.0,0.3373350687389995,557.7048805106274,0.0,False,,long_only; fully_invested; no_leverage
Equity-only,Maximum Sharpe,optimisation,2022-10-03,2022-09-30,2021-10-01,2022-09-30,252,252,50,252,True,0,Optimization terminated successfully,-0.1260665245758203,1.0,0.0,0.0,0.5352616127312207,617.4379094289001,0.0,False,,long_only; fully_invested; no_leverage
Equity-only,Maximum Sharpe,optimisation,2022-11-01,2022-10-31,2021-11-01,2022-10-31,252,252,50,252,True,0,Optimization terminated successfully,-0.15219323252017752,1.0,0.0,0.0,0.38945537626868215,648.5504889732082,0.0,False,,long_only; fully_invested; no_leverage
Equity-only,Maximum Sharpe,optimisation,2022-12-01,2022-11-30,2021-12-01,2022-11-30,252,252,50,252,True,0,Optimization terminated successfully,-0.1949696359967577,1.0,0.0,0.0,0.388185998346298,701.6204758532213,0.0,False,,long_only; fully_invested; no_leverage
Equity-only,Maximum Sharpe,optimisation,2023-01-03,2022-12-30,2021-12-31,2022-12-30,252,252,50,252,True,0,Optimization terminated successfully,-0.16919270530343047,0.9999999999999999,-1.1102230246251565e-16,0.0,0.6416439852954117,713.8266981750053,0.0,False,,long_only; fully_invested; no_leverage
Equity-only,Maximum Sharpe,optimisation,2023-02-01,2023-01-31,2022-01-31,2023-01-31,252,252,50,252,True,0,Optimization terminated successfully,-0.1409887406984794,0.9999999999999999,-1.1102230246251565e-16,0.0,0.49579622115146665,662.3867216688507,0.0,False,,long_only; fully_invested; no_leverage
Equity-only,Maximum Sharpe,optimisation,2023-03-01,2023-02-28,2022-02-28,2023-02-28,252,252,50,252,True,0,Optimization terminated successfully,-0.13833083119221065,1.0,0.0,0.0,0.6036514032129839,719.7933267404101,0.0,False,,long_only; fully_invested; no_leverage
Equity-only,Maximum Sharpe,optimisation,2023-04-03,2023-03-31,2022-03-31,2023-03-31,252,252,50,252,True,0,Optimization terminated successfully,-0.12005720538332873,1.0,0.0,0.0,0.4027997679021986,710.8831318567103,0.0,False,,long_only; fully_invested; no_leverage
Equity-only,Maximum Sharpe,optimisation,2023-05-01,2023-04-28,2022-04-28,2023-04-28,252,252,50,252,True,0,Optimization terminated successfully,-0.1474469263046453,1.0,0.0,0.0,0.47120667952866874,714.6541261906157,0.0,False,,long_only; fully_invested; no_leverage
Equity-only,Maximum Sharpe,optimisation,2023-06-01,2023-05-31,2022-05-31,2023-05-31,252,252,50,252,True,0,Optimization terminated successfully,-0.1341006567941899,1.0,0.0,0.0,0.4170029622377707,609.9355530399254,0.0,False,,long_only; fully_invested; no_leverage
Equity-only,Maximum Sharpe,optimisation,2023-07-03,2023-06-30,2022-06-30,2023-06-30,252,252,50,252,True,0,Optimization terminated successfully,-0.20596556626389298,0.9999999999999999,-1.1102230246251565e-16,0.0,0.4878985744699272,550.9166650782968,0.0,False,,long_only; fully_invested; no_leverage
Equity-only,Maximum Sharpe,optimisation,2023-08-01,2023-07-31,2022-07-29,2023-07-31,252,252,50,252,True,0,Optimization terminated successfully,-0.18591601717250358,1.0000000000000002,2.220446049250313e-16,0.0,0.4710466129000935,534.1663366335946,0.0,False,,long_only; fully_invested; no_leverage
Equity-only,Maximum Sharpe,optimisation,2023-09-01,2023-08-31,2022-08-31,2023-08-31,252,252,50,252,True,0,Optimization terminated successfully,-0.2008407195856057,0.9999999999999999,-1.1102230246251565e-16,0.0,0.3992430354450019,472.57291679698193,0.0,False,,long_only; fully_invested; no_leverage
Equity-only,Maximum Sharpe,optimisation,2023-10-02,2023-09-29,2022-09-29,2023-09-29,252,252,50,252,True,0,Optimization terminated successfully,-0.22601665904258478,1.0,0.0,0.0,0.4940174388638416,412.376308497461,0.0,False,,long_only; fully_invested; no_leverage
Equity-only,Maximum Sharpe,optimisation,2023-11-01,2023-10-31,2022-10-31,2023-10-31,252,252,50,252,True,0,Optimization terminated successfully,-0.18143247499829357,1.0,0.0,0.0,0.5159326884107159,341.81320217527536,0.0,False,,long_only; fully_invested; no_leverage
Equity-only,Maximum Sharpe,optimisation,2023-12-01,2023-11-30,2022-11-30,2023-11-30,252,252,50,252,True,0,Optimization terminated successfully,-0.19792540906675246,0.9999999999999999,-1.1102230246251565e-16,0.0,0.5038038762734427,285.3081171523114,0.0,False,,long_only; fully_invested; no_leverage
Equity-only,Minimum Variance,optimisation,2021-01-04,2020-12-31,2020-01-03,2020-12-31,252,252,50,252,True,0,Optimization terminated successfully,0.00023296501334289625,1.0,0.0,0.0,0.23100952426834567,708.2402856669546,0.0,False,,long_only; fully_invested; no_leverage
Equity-only,Minimum Variance,optimisation,2021-02-01,2021-01-29,2020-01-31,2021-01-29,252,252,50,252,True,0,Optimization terminated successfully,0.00023597936489705554,1.0,0.0,0.0,0.22797880654865282,661.1468383883407,0.0,False,,long_only; fully_invested; no_leverage
Equity-only,Minimum Variance,optimisation,2021-03-01,2021-02-26,2020-02-28,2021-02-26,252,252,50,252,True,0,Optimization terminated successfully,0.00022944485693063318,1.0000000000000002,2.220446049250313e-16,0.0,0.20945911184682892,663.0317180134276,0.0,False,,long_only; fully_invested; no_leverage
Equity-only,Minimum Variance,optimisation,2021-04-01,2021-03-31,2020-04-01,2021-03-31,252,252,50,252,True,0,Optimization terminated successfully,8.383227355468942e-05,1.0,0.0,0.0,0.23151351149809488,384.10656775882586,0.0,False,,long_only; fully_invested; no_leverage
Equity-only,Minimum Variance,optimisation,2021-05-03,2021-04-30,2020-05-01,2021-04-30,252,252,50,252,True,0,Optimization terminated successfully,5.632061313633608e-05,1.0,0.0,0.0,0.20415450483604153,349.6342331587687,0.0,False,,long_only; fully_invested; no_leverage
Equity-only,Minimum Variance,optimisation,2021-06-01,2021-05-28,2020-06-01,2021-05-28,252,252,50,252,True,0,Optimization terminated successfully,5.159224991426402e-05,1.0,0.0,0.0,0.17445960305639774,338.3569609822231,0.0,False,,long_only; fully_invested; no_leverage
Equity-only,Minimum Variance,optimisation,2021-07-01,2021-06-30,2020-07-01,2021-06-30,252,252,50,252,True,0,Optimization terminated successfully,4.158807857962746e-05,1.0,0.0,0.0,0.16414272448963485,284.1973126090401,0.0,False,,long_only; fully_invested; no_leverage
Equity-only,Minimum Variance,optimisation,2021-08-02,2021-07-30,2020-07-31,2021-07-30,252,252,50,252,True,0,Optimization terminated successfully,4.078971194221252e-05,1.0000000000000002,2.220446049250313e-16,0.0,0.1650142640161479,291.6771564436484,0.0,False,,long_only; fully_invested; no_leverage
Equity-only,Minimum Variance,optimisation,2021-09-01,2021-08-31,2020-09-01,2021-08-31,252,252,50,252,True,0,Optimization terminated successfully,4.013436734838313e-05,1.0,0.0,0.0,0.16376399754283108,314.34054638641004,0.0,False,,long_only; fully_invested; no_leverage
Equity-only,Minimum Variance,optimisation,2021-10-01,2021-09-30,2020-10-01,2021-09-30,252,252,50,252,True,0,Optimization terminated successfully,3.519451014159854e-05,1.0,0.0,0.0,0.14657560842180098,344.88471341317205,0.0,False,,long_only; fully_invested; no_leverage
Equity-only,Minimum Variance,optimisation,2021-11-01,2021-10-29,2020-10-30,2021-10-29,252,252,50,252,True,0,Optimization terminated successfully,3.3402802506598144e-05,1.0,0.0,0.0,0.11079434354646295,315.90193579274955,0.0,False,,long_only; fully_invested; no_leverage
Equity-only,Minimum Variance,optimisation,2021-12-01,2021-11-30,2020-12-01,2021-11-30,252,252,50,252,True,0,Optimization terminated successfully,3.2342029039448394e-05,1.0,0.0,0.0,0.12738833678118874,268.8563391421107,0.0,False,,long_only; fully_invested; no_leverage
Equity-only,Minimum Variance,optimisation,2022-01-03,2021-12-31,2021-01-04,2021-12-31,252,252,50,252,True,0,Optimization terminated successfully,3.512693810287129e-05,1.0,0.0,0.0,0.11556999285101087,290.93379288245063,0.0,False,,long_only; fully_invested; no_leverage
Equity-only,Minimum Variance,optimisation,2022-02-01,2022-01-31,2021-02-02,2022-01-31,252,252,50,252,True,0,Optimization terminated successfully,3.5043796715937035e-05,1.0,0.0,0.0,0.10647296763575145,318.97193912360746,0.0,False,,long_only; fully_invested; no_leverage
Equity-only,Minimum Variance,optimisation,2022-03-01,2022-02-28,2021-03-02,2022-02-28,252,252,50,252,True,0,Optimization terminated successfully,3.491681224188489e-05,1.0,0.0,0.0,0.14062634918714625,276.31723264519593,0.0,False,,long_only; fully_invested; no_leverage
Equity-only,Minimum Variance,optimisation,2022-04-01,2022-03-31,2021-04-05,2022-03-31,252,252,50,252,True,0,Optimization terminated successfully,3.429058702299214e-05,1.0,0.0,0.0,0.14212967308333918,311.33534815324646,0.0,False,,long_only; fully_invested; no_leverage
Equity-only,Minimum Variance,optimisation,2022-05-02,2022-04-29,2021-05-03,2022-04-29,252,252,50,252,True,0,Optimization terminated successfully,4.116963574493763e-05,0.9999999999999999,-1.1102230246251565e-16,0.0,0.12965435591204752,314.1962107016654,0.0,False,,long_only; fully_invested; no_leverage
Equity-only,Minimum Variance,optimisation,2022-06-01,2022-05-31,2021-06-02,2022-05-31,252,252,50,252,True,0,Optimization terminated successfully,4.607355055226723e-05,1.0,0.0,0.0,0.16988193533358922,429.5010735574554,0.0,False,,long_only; fully_invested; no_leverage
Equity-only,Minimum Variance,optimisation,2022-07-01,2022-06-30,2021-07-01,2022-06-30,252,252,50,252,True,0,Optimization terminated successfully,5.4590949853925986e-05,1.0,0.0,0.0,0.17735315368695032,510.53631347218675,0.0,False,,long_only; fully_invested; no_leverage
Equity-only,Minimum Variance,optimisation,2022-08-01,2022-07-29,2021-07-30,2022-07-29,252,252,50,252,True,0,Optimization terminated successfully,5.653273771648652e-05,1.0,0.0,0.0,0.17085150494314524,519.2829925502882,0.0,False,,long_only; fully_invested; no_leverage
Equity-only,Minimum Variance,optimisation,2022-09-01,2022-08-31,2021-09-01,2022-08-31,252,252,50,252,True,0,Optimization terminated successfully,5.9461490218122455e-05,1.0,0.0,0.0,0.14139401042779132,557.7048805106274,0.0,False,,long_only; fully_invested; no_leverage
Equity-only,Minimum Variance,optimisation,2022-10-03,2022-09-30,2021-10-01,2022-09-30,252,252,50,252,True,0,Optimization terminated successfully,6.856412376765252e-05,1.0,0.0,0.0,0.16430495264918485,617.4379094289001,0.0,False,,long_only; fully_invested; no_leverage
Equity-only,Minimum Variance,optimisation,2022-11-01,2022-10-31,2021-11-01,2022-10-31,252,252,50,252,True,0,Optimization terminated successfully,7.892481570423553e-05,1.0,0.0,0.0,0.17595121958692905,648.5504889732082,0.0,False,,long_only; fully_invested; no_leverage
Equity-only,Minimum Variance,optimisation,2022-12-01,2022-11-30,2021-12-01,2022-11-30,252,252,50,252,True,0,Optimization terminated successfully,7.887539862600882e-05,1.0,0.0,0.0,0.2393028183973622,701.6204758532213,0.0,False,,long_only; fully_invested; no_leverage
Equity-only,Minimum Variance,optimisation,2023-01-03,2022-12-30,2021-12-31,2022-12-30,252,252,50,252,True,0,Optimization terminated successfully,7.99977105564274e-05,1.0,0.0,0.0,0.22148820157516047,713.8266981750053,0.0,False,,long_only; fully_invested; no_leverage
Equity-only,Minimum Variance,optimisation,2023-02-01,2023-01-31,2022-01-31,2023-01-31,252,252,50,252,True,0,Optimization terminated successfully,8.189380366207294e-05,1.0,0.0,0.0,0.21400721768266562,662.3867216688507,0.0,False,,long_only; fully_invested; no_leverage
Equity-only,Minimum Variance,optimisation,2023-03-01,2023-02-28,2022-02-28,2023-02-28,252,252,50,252,True,0,Optimization terminated successfully,8.129275963154489e-05,1.0,0.0,0.0,0.20591691226374373,719.7933267404101,0.0,False,,long_only; fully_invested; no_leverage
Equity-only,Minimum Variance,optimisation,2023-04-03,2023-03-31,2022-03-31,2023-03-31,252,252,50,252,True,0,Optimization terminated successfully,8.341468454544431e-05,1.0000000000000002,2.220446049250313e-16,0.0,0.19169060268710575,710.8831318567103,0.0,False,,long_only; fully_invested; no_leverage
Equity-only,Minimum Variance,optimisation,2023-05-01,2023-04-28,2022-04-28,2023-04-28,252,252,50,252,True,0,Optimization terminated successfully,8.295407587439633e-05,1.0,0.0,0.0,0.1797944762349279,714.6541261906157,0.0,False,,long_only; fully_invested; no_leverage
Equity-only,Minimum Variance,optimisation,2023-06-01,2023-05-31,2022-05-31,2023-05-31,252,252,50,252,True,0,Optimization terminated successfully,7.15953148110184e-05,1.0,0.0,0.0,0.2853721515448938,609.9355530399254,0.0,False,,long_only; fully_invested; no_leverage
Equity-only,Minimum Variance,optimisation,2023-07-03,2023-06-30,2022-06-30,2023-06-30,252,252,50,252,True,0,Optimization terminated successfully,6.319044264043767e-05,1.0,0.0,0.0,0.23852115728349021,550.9166650782968,0.0,False,,long_only; fully_invested; no_leverage
Equity-only,Minimum Variance,optimisation,2023-08-01,2023-07-31,2022-07-29,2023-07-31,252,252,50,252,True,0,Optimization terminated successfully,6.238514677638732e-05,0.9999999999999999,-1.1102230246251565e-16,0.0,0.232403589346545,534.1663366335946,0.0,False,,long_only; fully_invested; no_leverage
Equity-only,Minimum Variance,optimisation,2023-09-01,2023-08-31,2022-08-31,2023-08-31,252,252,50,252,True,0,Optimization terminated successfully,6.048607948215389e-05,1.0,0.0,0.0,0.2560928299845281,472.57291679698193,0.0,False,,long_only; fully_invested; no_leverage
Equity-only,Minimum Variance,optimisation,2023-10-02,2023-09-29,2022-09-29,2023-09-29,252,252,50,252,True,0,Optimization terminated successfully,5.381144599127723e-05,1.0,0.0,0.0,0.28669656099911284,412.376308497461,0.0,False,,long_only; fully_invested; no_leverage
Equity-only,Minimum Variance,optimisation,2023-11-01,2023-10-31,2022-10-31,2023-10-31,252,252,50,252,True,0,Optimization terminated successfully,4.436815601374147e-05,1.0,0.0,0.0,0.19718396750007008,341.81320217527536,0.0,False,,long_only; fully_invested; no_leverage
Equity-only,Minimum Variance,optimisation,2023-12-01,2023-11-30,2022-11-30,2023-11-30,252,252,50,252,True,0,Optimization terminated successfully,3.981232586600362e-05,1.0,0.0,0.0,0.18631633940532752,285.3081171523114,0.0,False,,long_only; fully_invested; no_leverage
