fund_family,method,method_type,live_rebalance_date,decision_date,turnover,transaction_cost_rate,transaction_cost
Combined,Equal Weight,benchmark,2021-01-04,2020-12-31,1.0,0.001,0.001
Combined,Equal Weight,benchmark,2021-02-01,2021-01-29,0.0,0.001,0.0
Combined,Equal Weight,benchmark,2021-03-01,2021-02-26,0.0,0.001,0.0
Combined,Equal Weight,benchmark,2021-04-01,2021-03-31,0.0,0.001,0.0
Combined,Equal Weight,benchmark,2021-05-03,2021-04-30,0.0,0.001,0.0
Combined,Equal Weight,benchmark,2021-06-01,2021-05-28,0.0,0.001,0.0
Combined,Equal Weight,benchmark,2021-07-01,2021-06-30,0.0,0.001,0.0
Combined,Equal Weight,benchmark,2021-08-02,2021-07-30,0.0,0.001,0.0
Combined,Equal Weight,benchmark,2021-09-01,2021-08-31,0.0,0.001,0.0
Combined,Equal Weight,benchmark,2021-10-01,2021-09-30,0.0,0.001,0.0
Combined,Equal Weight,benchmark,2021-11-01,2021-10-29,0.0,0.001,0.0
Combined,Equal Weight,benchmark,2021-12-01,2021-11-30,0.0,0.001,0.0
Combined,Equal Weight,benchmark,2022-01-03,2021-12-31,0.0,0.001,0.0
Combined,Equal Weight,benchmark,2022-02-01,2022-01-31,0.0,0.001,0.0
Combined,Equal Weight,benchmark,2022-03-01,2022-02-28,0.0,0.001,0.0
Combined,Equal Weight,benchmark,2022-04-01,2022-03-31,0.0,0.001,0.0
Combined,Equal Weight,benchmark,2022-05-02,2022-04-29,0.0,0.001,0.0
Combined,Equal Weight,benchmark,2022-06-01,2022-05-31,0.0,0.001,0.0
Combined,Equal Weight,benchmark,2022-07-01,2022-06-30,0.0,0.001,0.0
Combined,Equal Weight,benchmark,2022-08-01,2022-07-29,0.0,0.001,0.0
Combined,Equal Weight,benchmark,2022-09-01,2022-08-31,0.0,0.001,0.0
Combined,Equal Weight,benchmark,2022-10-03,2022-09-30,0.0,0.001,0.0
Combined,Equal Weight,benchmark,2022-11-01,2022-10-31,0.0,0.001,0.0
Combined,Equal Weight,benchmark,2022-12-01,2022-11-30,0.0,0.001,0.0
Combined,Equal Weight,benchmark,2023-01-03,2022-12-30,0.0,0.001,0.0
Combined,Equal Weight,benchmark,2023-02-01,2023-01-31,0.0,0.001,0.0
Combined,Equal Weight,benchmark,2023-03-01,2023-02-28,0.0,0.001,0.0
Combined,Equal Weight,benchmark,2023-04-03,2023-03-31,0.0,0.001,0.0
Combined,Equal Weight,benchmark,2023-05-01,2023-04-28,0.0,0.001,0.0
Combined,Equal Weight,benchmark,2023-06-01,2023-05-31,0.0,0.001,0.0
Combined,Equal Weight,benchmark,2023-07-03,2023-06-30,0.0,0.001,0.0
Combined,Equal Weight,benchmark,2023-08-01,2023-07-31,0.0,0.001,0.0
Combined,Equal Weight,benchmark,2023-09-01,2023-08-31,0.0,0.001,0.0
Combined,Equal Weight,benchmark,2023-10-02,2023-09-29,0.0,0.001,0.0
Combined,Equal Weight,benchmark,2023-11-01,2023-10-31,0.0,0.001,0.0
Combined,Equal Weight,benchmark,2023-12-01,2023-11-30,0.0,0.001,0.0
Combined,Maximum Sharpe,optimisation,2021-01-04,2020-12-31,0.9999999999999999,0.001,0.0009999999999999998
Combined,Maximum Sharpe,optimisation,2021-02-01,2021-01-29,0.5290307559398748,0.001,0.0005290307559398748
Combined,Maximum Sharpe,optimisation,2021-03-01,2021-02-26,0.9243528965985363,0.001,0.0009243528965985362
Combined,Maximum Sharpe,optimisation,2021-04-01,2021-03-31,1.0738968104612294,0.001,0.0010738968104612293
Combined,Maximum Sharpe,optimisation,2021-05-03,2021-04-30,0.7549065445372665,0.001,0.0007549065445372665
Combined,Maximum Sharpe,optimisation,2021-06-01,2021-05-28,0.7679460950161591,0.001,0.000767946095016159
Combined,Maximum Sharpe,optimisation,2021-07-01,2021-06-30,1.033435493095538,0.001,0.001033435493095538
Combined,Maximum Sharpe,optimisation,2021-08-02,2021-07-30,0.4403661002772923,0.001,0.0004403661002772923
Combined,Maximum Sharpe,optimisation,2021-09-01,2021-08-31,0.3878312683494713,0.001,0.00038783126834947133
Combined,Maximum Sharpe,optimisation,2021-10-01,2021-09-30,0.7749825420353106,0.001,0.0007749825420353106
Combined,Maximum Sharpe,optimisation,2021-11-01,2021-10-29,0.8696738024219447,0.001,0.0008696738024219447
Combined,Maximum Sharpe,optimisation,2021-12-01,2021-11-30,0.5974891695776509,0.001,0.0005974891695776508
Combined,Maximum Sharpe,optimisation,2022-01-03,2021-12-31,0.5181684488712341,0.001,0.0005181684488712342
Combined,Maximum Sharpe,optimisation,2022-02-01,2022-01-31,0.602630745663847,0.001,0.000602630745663847
Combined,Maximum Sharpe,optimisation,2022-03-01,2022-02-28,0.3610139026839506,0.001,0.0003610139026839506
Combined,Maximum Sharpe,optimisation,2022-04-01,2022-03-31,0.577759832471451,0.001,0.000577759832471451
Combined,Maximum Sharpe,optimisation,2022-05-02,2022-04-29,0.9430887312003344,0.001,0.0009430887312003345
Combined,Maximum Sharpe,optimisation,2022-06-01,2022-05-31,1.1481494014755373,0.001,0.0011481494014755373
Combined,Maximum Sharpe,optimisation,2022-07-01,2022-06-30,0.7619498741628958,0.001,0.0007619498741628959
Combined,Maximum Sharpe,optimisation,2022-08-01,2022-07-29,0.5534273065970915,0.001,0.0005534273065970915
Combined,Maximum Sharpe,optimisation,2022-09-01,2022-08-31,0.5698304014639124,0.001,0.0005698304014639124
Combined,Maximum Sharpe,optimisation,2022-10-03,2022-09-30,0.9828812757568945,0.001,0.0009828812757568947
Combined,Maximum Sharpe,optimisation,2022-11-01,2022-10-31,1.251488683448374,0.001,0.001251488683448374
Combined,Maximum Sharpe,optimisation,2022-12-01,2022-11-30,0.8081189621599355,0.001,0.0008081189621599355
Combined,Maximum Sharpe,optimisation,2023-01-03,2022-12-30,0.6590450042706784,0.001,0.0006590450042706784
Combined,Maximum Sharpe,optimisation,2023-02-01,2023-01-31,0.5673984927247255,0.001,0.0005673984927247256
Combined,Maximum Sharpe,optimisation,2023-03-01,2023-02-28,0.4886840752549797,0.001,0.0004886840752549797
Combined,Maximum Sharpe,optimisation,2023-04-03,2023-03-31,0.5401675403270891,0.001,0.0005401675403270891
Combined,Maximum Sharpe,optimisation,2023-05-01,2023-04-28,0.762748544303495,0.001,0.000762748544303495
Combined,Maximum Sharpe,optimisation,2023-06-01,2023-05-31,0.7126792127016762,0.001,0.0007126792127016763
Combined,Maximum Sharpe,optimisation,2023-07-03,2023-06-30,0.45111365146905524,0.001,0.00045111365146905524
Combined,Maximum Sharpe,optimisation,2023-08-01,2023-07-31,0.28556384345077934,0.001,0.00028556384345077934
Combined,Maximum Sharpe,optimisation,2023-09-01,2023-08-31,0.30720547417105554,0.001,0.00030720547417105557
Combined,Maximum Sharpe,optimisation,2023-10-02,2023-09-29,0.4995977419442375,0.001,0.0004995977419442376
Combined,Maximum Sharpe,optimisation,2023-11-01,2023-10-31,0.4694233991845009,0.001,0.0004694233991845009
Combined,Maximum Sharpe,optimisation,2023-12-01,2023-11-30,0.6314834762792589,0.001,0.0006314834762792589
Combined,Minimum Variance,optimisation,2021-01-04,2020-12-31,1.0,0.001,0.001
Combined,Minimum Variance,optimisation,2021-02-01,2021-01-29,0.10104672733547496,0.001,0.00010104672733547496
Combined,Minimum Variance,optimisation,2021-03-01,2021-02-26,0.20668678205353072,0.001,0.00020668678205353072
Combined,Minimum Variance,optimisation,2021-04-01,2021-03-31,0.6045840373100073,0.001,0.0006045840373100073
Combined,Minimum Variance,optimisation,2021-05-03,2021-04-30,0.40041316441623376,0.001,0.0004004131644162338
Combined,Minimum Variance,optimisation,2021-06-01,2021-05-28,0.22724655952396583,0.001,0.00022724655952396583
Combined,Minimum Variance,optimisation,2021-07-01,2021-06-30,0.416855338451104,0.001,0.000416855338451104
Combined,Minimum Variance,optimisation,2021-08-02,2021-07-30,0.13687167125942518,0.001,0.00013687167125942519
Combined,Minimum Variance,optimisation,2021-09-01,2021-08-31,0.11285409962433418,0.001,0.00011285409962433419
Combined,Minimum Variance,optimisation,2021-10-01,2021-09-30,0.38782472782455707,0.001,0.00038782472782455707
Combined,Minimum Variance,optimisation,2021-11-01,2021-10-29,0.421756506283792,0.001,0.00042175650628379204
Combined,Minimum Variance,optimisation,2021-12-01,2021-11-30,0.3868161516086815,0.001,0.0003868161516086815
Combined,Minimum Variance,optimisation,2022-01-03,2021-12-31,0.24083765194147327,0.001,0.00024083765194147328
Combined,Minimum Variance,optimisation,2022-02-01,2022-01-31,0.5894799038085514,0.001,0.0005894799038085514
Combined,Minimum Variance,optimisation,2022-03-01,2022-02-28,0.5473812710739365,0.001,0.0005473812710739365
Combined,Minimum Variance,optimisation,2022-04-01,2022-03-31,0.28150218881507466,0.001,0.0002815021888150747
Combined,Minimum Variance,optimisation,2022-05-02,2022-04-29,0.4535902945904171,0.001,0.00045359029459041714
Combined,Minimum Variance,optimisation,2022-06-01,2022-05-31,0.49187279643831555,0.001,0.0004918727964383155
Combined,Minimum Variance,optimisation,2022-07-01,2022-06-30,0.2588143632547023,0.001,0.0002588143632547023
Combined,Minimum Variance,optimisation,2022-08-01,2022-07-29,0.10034419869669291,0.001,0.00010034419869669292
Combined,Minimum Variance,optimisation,2022-09-01,2022-08-31,0.317974458946085,0.001,0.000317974458946085
Combined,Minimum Variance,optimisation,2022-10-03,2022-09-30,0.3868278650975654,0.001,0.0003868278650975654
Combined,Minimum Variance,optimisation,2022-11-01,2022-10-31,0.28203622252034755,0.001,0.0002820362225203476
Combined,Minimum Variance,optimisation,2022-12-01,2022-11-30,0.32887338134610644,0.001,0.0003288733813461065
Combined,Minimum Variance,optimisation,2023-01-03,2022-12-30,0.12222705993697863,0.001,0.00012222705993697865
Combined,Minimum Variance,optimisation,2023-02-01,2023-01-31,0.1749693443149886,0.001,0.0001749693443149886
Combined,Minimum Variance,optimisation,2023-03-01,2023-02-28,0.21595166515582023,0.001,0.00021595166515582024
Combined,Minimum Variance,optimisation,2023-04-03,2023-03-31,0.21536814674837726,0.001,0.00021536814674837727
Combined,Minimum Variance,optimisation,2023-05-01,2023-04-28,0.19067500658730363,0.001,0.00019067500658730363
Combined,Minimum Variance,optimisation,2023-06-01,2023-05-31,0.43033605280233655,0.001,0.0004303360528023366
Combined,Minimum Variance,optimisation,2023-07-03,2023-06-30,0.3417332820491265,0.001,0.0003417332820491265
Combined,Minimum Variance,optimisation,2023-08-01,2023-07-31,0.08358838544517197,0.001,8.358838544517197e-05
Combined,Minimum Variance,optimisation,2023-09-01,2023-08-31,0.26014457435298066,0.001,0.00026014457435298067
Combined,Minimum Variance,optimisation,2023-10-02,2023-09-29,0.2457949687242668,0.001,0.0002457949687242668
Combined,Minimum Variance,optimisation,2023-11-01,2023-10-31,0.3520688708037925,0.001,0.0003520688708037925
Combined,Minimum Variance,optimisation,2023-12-01,2023-11-30,0.3101776603434221,0.001,0.0003101776603434221
Crypto-only,Equal Weight,benchmark,2021-01-01,2020-12-31,1.0,0.001,0.001
Crypto-only,Equal Weight,benchmark,2021-02-01,2021-01-31,0.0,0.001,0.0
Crypto-only,Equal Weight,benchmark,2021-03-01,2021-02-28,0.0,0.001,0.0
Crypto-only,Equal Weight,benchmark,2021-04-01,2021-03-31,0.0,0.001,0.0
Crypto-only,Equal Weight,benchmark,2021-05-01,2021-04-30,0.0,0.001,0.0
Crypto-only,Equal Weight,benchmark,2021-06-01,2021-05-31,0.0,0.001,0.0
Crypto-only,Equal Weight,benchmark,2021-07-01,2021-06-30,0.0,0.001,0.0
Crypto-only,Equal Weight,benchmark,2021-08-01,2021-07-31,0.0,0.001,0.0
Crypto-only,Equal Weight,benchmark,2021-09-01,2021-08-31,0.0,0.001,0.0
Crypto-only,Equal Weight,benchmark,2021-10-01,2021-09-30,0.0,0.001,0.0
Crypto-only,Equal Weight,benchmark,2021-11-01,2021-10-31,0.0,0.001,0.0
Crypto-only,Equal Weight,benchmark,2021-12-01,2021-11-30,0.0,0.001,0.0
Crypto-only,Equal Weight,benchmark,2022-01-01,2021-12-31,0.0,0.001,0.0
Crypto-only,Equal Weight,benchmark,2022-02-01,2022-01-31,0.0,0.001,0.0
Crypto-only,Equal Weight,benchmark,2022-03-01,2022-02-28,0.0,0.001,0.0
Crypto-only,Equal Weight,benchmark,2022-04-01,2022-03-31,0.0,0.001,0.0
Crypto-only,Equal Weight,benchmark,2022-05-01,2022-04-30,0.0,0.001,0.0
Crypto-only,Equal Weight,benchmark,2022-06-01,2022-05-31,0.0,0.001,0.0
Crypto-only,Equal Weight,benchmark,2022-07-01,2022-06-30,0.0,0.001,0.0
Crypto-only,Equal Weight,benchmark,2022-08-01,2022-07-31,0.0,0.001,0.0
Crypto-only,Equal Weight,benchmark,2022-09-01,2022-08-31,0.0,0.001,0.0
Crypto-only,Equal Weight,benchmark,2022-10-01,2022-09-30,0.0,0.001,0.0
Crypto-only,Equal Weight,benchmark,2022-11-01,2022-10-31,0.0,0.001,0.0
Crypto-only,Equal Weight,benchmark,2022-12-01,2022-11-30,0.0,0.001,0.0
Crypto-only,Equal Weight,benchmark,2023-01-01,2022-12-31,0.0,0.001,0.0
Crypto-only,Equal Weight,benchmark,2023-02-01,2023-01-31,0.0,0.001,0.0
Crypto-only,Equal Weight,benchmark,2023-03-01,2023-02-28,0.0,0.001,0.0
Crypto-only,Equal Weight,benchmark,2023-04-01,2023-03-31,0.0,0.001,0.0
Crypto-only,Equal Weight,benchmark,2023-05-01,2023-04-30,0.0,0.001,0.0
Crypto-only,Equal Weight,benchmark,2023-06-01,2023-05-31,0.0,0.001,0.0
Crypto-only,Equal Weight,benchmark,2023-07-01,2023-06-30,0.0,0.001,0.0
Crypto-only,Equal Weight,benchmark,2023-08-01,2023-07-31,0.0,0.001,0.0
Crypto-only,Equal Weight,benchmark,2023-09-01,2023-08-31,0.0,0.001,0.0
Crypto-only,Equal Weight,benchmark,2023-10-01,2023-09-30,0.0,0.001,0.0
Crypto-only,Equal Weight,benchmark,2023-11-01,2023-10-31,0.0,0.001,0.0
Crypto-only,Equal Weight,benchmark,2023-12-01,2023-11-30,0.0,0.001,0.0
Crypto-only,Maximum Sharpe,optimisation,2021-01-01,2020-12-31,1.0,0.001,0.001
Crypto-only,Maximum Sharpe,optimisation,2021-02-01,2021-01-31,1.0907414707112075,0.001,0.0010907414707112075
Crypto-only,Maximum Sharpe,optimisation,2021-03-01,2021-02-28,1.7596315041550163,0.001,0.0017596315041550163
Crypto-only,Maximum Sharpe,optimisation,2021-04-01,2021-03-31,0.6591120054119042,0.001,0.0006591120054119042
Crypto-only,Maximum Sharpe,optimisation,2021-05-01,2021-04-30,0.4594223748854064,0.001,0.0004594223748854064
Crypto-only,Maximum Sharpe,optimisation,2021-06-01,2021-05-31,0.9609337896064051,0.001,0.0009609337896064051
Crypto-only,Maximum Sharpe,optimisation,2021-07-01,2021-06-30,0.1355704938175745,0.001,0.0001355704938175745
Crypto-only,Maximum Sharpe,optimisation,2021-08-01,2021-07-31,0.31704047899801,0.001,0.00031704047899801
Crypto-only,Maximum Sharpe,optimisation,2021-09-01,2021-08-31,0.4946748234901732,0.001,0.0004946748234901733
Crypto-only,Maximum Sharpe,optimisation,2021-10-01,2021-09-30,0.2215352949346803,0.001,0.0002215352949346803
Crypto-only,Maximum Sharpe,optimisation,2021-11-01,2021-10-31,0.33685478775051575,0.001,0.00033685478775051574
Crypto-only,Maximum Sharpe,optimisation,2021-12-01,2021-11-30,0.24597214860168343,0.001,0.00024597214860168343
Crypto-only,Maximum Sharpe,optimisation,2022-01-01,2021-12-31,0.4183886199435809,0.001,0.0004183886199435809
Crypto-only,Maximum Sharpe,optimisation,2022-02-01,2022-01-31,0.7883811854259274,0.001,0.0007883811854259274
Crypto-only,Maximum Sharpe,optimisation,2022-03-01,2022-02-28,1.070730310282164,0.001,0.0010707303102821639
Crypto-only,Maximum Sharpe,optimisation,2022-04-01,2022-03-31,0.7351197475020785,0.001,0.0007351197475020786
Crypto-only,Maximum Sharpe,optimisation,2022-05-01,2022-04-30,1.3935637858560506,0.001,0.0013935637858560506
Crypto-only,Maximum Sharpe,optimisation,2022-06-01,2022-05-31,1.999999999999999,0.001,0.0019999999999999987
Crypto-only,Maximum Sharpe,optimisation,2022-07-01,2022-06-30,1.2847820439382198e-15,0.001,1.2847820439382199e-18
Crypto-only,Maximum Sharpe,optimisation,2022-08-01,2022-07-31,1.1314257551083036e-15,0.001,1.1314257551083036e-18
Crypto-only,Maximum Sharpe,optimisation,2022-09-01,2022-08-31,6.639562889479797e-16,0.001,6.639562889479796e-19
Crypto-only,Maximum Sharpe,optimisation,2022-10-01,2022-09-30,2.0,0.001,0.002
Crypto-only,Maximum Sharpe,optimisation,2022-11-01,2022-10-31,1.1270248893014596e-15,0.001,1.1270248893014595e-18
Crypto-only,Maximum Sharpe,optimisation,2022-12-01,2022-11-30,8.35944371277102e-16,0.001,8.35944371277102e-19
Crypto-only,Maximum Sharpe,optimisation,2023-01-01,2022-12-31,2.2384710827394426e-15,0.001,2.2384710827394426e-18
Crypto-only,Maximum Sharpe,optimisation,2023-02-01,2023-01-31,1.234168274803431,0.001,0.001234168274803431
Crypto-only,Maximum Sharpe,optimisation,2023-03-01,2023-02-28,0.765831725196569,0.001,0.0007658317251965689
Crypto-only,Maximum Sharpe,optimisation,2023-04-01,2023-03-31,4.059173382535023e-15,0.001,4.0591733825350226e-18
Crypto-only,Maximum Sharpe,optimisation,2023-05-01,2023-04-30,0.40070184154039334,0.001,0.00040070184154039336
Crypto-only,Maximum Sharpe,optimisation,2023-06-01,2023-05-31,1.5992981584596089,0.001,0.001599298158459609
Crypto-only,Maximum Sharpe,optimisation,2023-07-01,2023-06-30,1.664234874082268,0.001,0.0016642348740822678
Crypto-only,Maximum Sharpe,optimisation,2023-08-01,2023-07-31,0.7691917451931609,0.001,0.0007691917451931609
Crypto-only,Maximum Sharpe,optimisation,2023-09-01,2023-08-31,0.28228334119782306,0.001,0.00028228334119782307
Crypto-only,Maximum Sharpe,optimisation,2023-10-01,2023-09-30,1.164031782703017,0.001,0.001164031782703017
Crypto-only,Maximum Sharpe,optimisation,2023-11-01,2023-10-31,0.7424189910854047,0.001,0.0007424189910854047
Crypto-only,Maximum Sharpe,optimisation,2023-12-01,2023-11-30,0.5907278935283063,0.001,0.0005907278935283063
Crypto-only,Minimum Variance,optimisation,2021-01-01,2020-12-31,0.9999999999999998,0.001,0.0009999999999999998
Crypto-only,Minimum Variance,optimisation,2021-02-01,2021-01-31,0.17363508206813094,0.001,0.00017363508206813094
Crypto-only,Minimum Variance,optimisation,2021-03-01,2021-02-28,0.10030315528214606,0.001,0.00010030315528214606
Crypto-only,Minimum Variance,optimisation,2021-04-01,2021-03-31,0.061623307940873874,0.001,6.162330794087388e-05
Crypto-only,Minimum Variance,optimisation,2021-05-01,2021-04-30,0.19737198022087296,0.001,0.00019737198022087295
Crypto-only,Minimum Variance,optimisation,2021-06-01,2021-05-31,0.2776024699390499,0.001,0.0002776024699390499
Crypto-only,Minimum Variance,optimisation,2021-07-01,2021-06-30,0.027526746836329784,0.001,2.7526746836329786e-05
Crypto-only,Minimum Variance,optimisation,2021-08-01,2021-07-31,0.01690956376853738,0.001,1.6909563768537378e-05
Crypto-only,Minimum Variance,optimisation,2021-09-01,2021-08-31,0.03368030455221232,0.001,3.3680304552212316e-05
Crypto-only,Minimum Variance,optimisation,2021-10-01,2021-09-30,0.0928892743688673,0.001,9.28892743688673e-05
Crypto-only,Minimum Variance,optimisation,2021-11-01,2021-10-31,0.03204654833915448,0.001,3.204654833915448e-05
Crypto-only,Minimum Variance,optimisation,2021-12-01,2021-11-30,0.002695536915311667,0.001,2.695536915311667e-06
Crypto-only,Minimum Variance,optimisation,2022-01-01,2021-12-31,0.023942970324586102,0.001,2.3942970324586104e-05
Crypto-only,Minimum Variance,optimisation,2022-02-01,2022-01-31,0.006021377903878652,0.001,6.021377903878652e-06
Crypto-only,Minimum Variance,optimisation,2022-03-01,2022-02-28,0.061396077410383255,0.001,6.139607741038326e-05
Crypto-only,Minimum Variance,optimisation,2022-04-01,2022-03-31,2.9079220492331127e-16,0.001,2.907922049233113e-19
Crypto-only,Minimum Variance,optimisation,2022-05-01,2022-04-30,0.018055891842159614,0.001,1.8055891842159614e-05
Crypto-only,Minimum Variance,optimisation,2022-06-01,2022-05-31,0.2882553426148388,0.001,0.0002882553426148388
Crypto-only,Minimum Variance,optimisation,2022-07-01,2022-06-30,0.0834510426143232,0.001,8.345104261432321e-05
Crypto-only,Minimum Variance,optimisation,2022-08-01,2022-07-31,0.038913455706698734,0.001,3.8913455706698734e-05
Crypto-only,Minimum Variance,optimisation,2022-09-01,2022-08-31,0.03354644390525509,0.001,3.354644390525509e-05
Crypto-only,Minimum Variance,optimisation,2022-10-01,2022-09-30,0.2902719637656141,0.001,0.0002902719637656141
Crypto-only,Minimum Variance,optimisation,2022-11-01,2022-10-31,0.05132118277517227,0.001,5.132118277517227e-05
Crypto-only,Minimum Variance,optimisation,2022-12-01,2022-11-30,0.13647347182179526,0.001,0.00013647347182179525
Crypto-only,Minimum Variance,optimisation,2023-01-01,2022-12-31,0.010130837567739165,0.001,1.0130837567739165e-05
Crypto-only,Minimum Variance,optimisation,2023-02-01,2023-01-31,0.053435270683490056,0.001,5.343527068349006e-05
Crypto-only,Minimum Variance,optimisation,2023-03-01,2023-02-28,0.08945674304450492,0.001,8.945674304450492e-05
Crypto-only,Minimum Variance,optimisation,2023-04-01,2023-03-31,0.08769266826378645,0.001,8.769266826378646e-05
Crypto-only,Minimum Variance,optimisation,2023-05-01,2023-04-30,0.1376200928821587,0.001,0.0001376200928821587
Crypto-only,Minimum Variance,optimisation,2023-06-01,2023-05-31,0.6574647059380483,0.001,0.0006574647059380483
Crypto-only,Minimum Variance,optimisation,2023-07-01,2023-06-30,0.15227746066316405,0.001,0.00015227746066316406
Crypto-only,Minimum Variance,optimisation,2023-08-01,2023-07-31,0.18791633425501972,0.001,0.00018791633425501973
Crypto-only,Minimum Variance,optimisation,2023-09-01,2023-08-31,0.0031748177440246135,0.001,3.1748177440246136e-06
Crypto-only,Minimum Variance,optimisation,2023-10-01,2023-09-30,0.154130297988385,0.001,0.00015413029798838501
Crypto-only,Minimum Variance,optimisation,2023-11-01,2023-10-31,0.06060496778784664,0.001,6.060496778784664e-05
Crypto-only,Minimum Variance,optimisation,2023-12-01,2023-11-30,0.2017794610597245,0.001,0.0002017794610597245
Equity-only,Equal Weight,benchmark,2021-01-04,2020-12-31,1.0,0.001,0.001
Equity-only,Equal Weight,benchmark,2021-02-01,2021-01-29,0.0,0.001,0.0
Equity-only,Equal Weight,benchmark,2021-03-01,2021-02-26,0.0,0.001,0.0
Equity-only,Equal Weight,benchmark,2021-04-01,2021-03-31,0.0,0.001,0.0
Equity-only,Equal Weight,benchmark,2021-05-03,2021-04-30,0.0,0.001,0.0
Equity-only,Equal Weight,benchmark,2021-06-01,2021-05-28,0.0,0.001,0.0
Equity-only,Equal Weight,benchmark,2021-07-01,2021-06-30,0.0,0.001,0.0
Equity-only,Equal Weight,benchmark,2021-08-02,2021-07-30,0.0,0.001,0.0
Equity-only,Equal Weight,benchmark,2021-09-01,2021-08-31,0.0,0.001,0.0
Equity-only,Equal Weight,benchmark,2021-10-01,2021-09-30,0.0,0.001,0.0
Equity-only,Equal Weight,benchmark,2021-11-01,2021-10-29,0.0,0.001,0.0
Equity-only,Equal Weight,benchmark,2021-12-01,2021-11-30,0.0,0.001,0.0
Equity-only,Equal Weight,benchmark,2022-01-03,2021-12-31,0.0,0.001,0.0
Equity-only,Equal Weight,benchmark,2022-02-01,2022-01-31,0.0,0.001,0.0
Equity-only,Equal Weight,benchmark,2022-03-01,2022-02-28,0.0,0.001,0.0
Equity-only,Equal Weight,benchmark,2022-04-01,2022-03-31,0.0,0.001,0.0
Equity-only,Equal Weight,benchmark,2022-05-02,2022-04-29,0.0,0.001,0.0
Equity-only,Equal Weight,benchmark,2022-06-01,2022-05-31,0.0,0.001,0.0
Equity-only,Equal Weight,benchmark,2022-07-01,2022-06-30,0.0,0.001,0.0
Equity-only,Equal Weight,benchmark,2022-08-01,2022-07-29,0.0,0.001,0.0
Equity-only,Equal Weight,benchmark,2022-09-01,2022-08-31,0.0,0.001,0.0
Equity-only,Equal Weight,benchmark,2022-10-03,2022-09-30,0.0,0.001,0.0
Equity-only,Equal Weight,benchmark,2022-11-01,2022-10-31,0.0,0.001,0.0
Equity-only,Equal Weight,benchmark,2022-12-01,2022-11-30,0.0,0.001,0.0
Equity-only,Equal Weight,benchmark,2023-01-03,2022-12-30,0.0,0.001,0.0
Equity-only,Equal Weight,benchmark,2023-02-01,2023-01-31,0.0,0.001,0.0
Equity-only,Equal Weight,benchmark,2023-03-01,2023-02-28,0.0,0.001,0.0
Equity-only,Equal Weight,benchmark,2023-04-03,2023-03-31,0.0,0.001,0.0
Equity-only,Equal Weight,benchmark,2023-05-01,2023-04-28,0.0,0.001,0.0
Equity-only,Equal Weight,benchmark,2023-06-01,2023-05-31,0.0,0.001,0.0
Equity-only,Equal Weight,benchmark,2023-07-03,2023-06-30,0.0,0.001,0.0
Equity-only,Equal Weight,benchmark,2023-08-01,2023-07-31,0.0,0.001,0.0
Equity-only,Equal Weight,benchmark,2023-09-01,2023-08-31,0.0,0.001,0.0
Equity-only,Equal Weight,benchmark,2023-10-02,2023-09-29,0.0,0.001,0.0
Equity-only,Equal Weight,benchmark,2023-11-01,2023-10-31,0.0,0.001,0.0
Equity-only,Equal Weight,benchmark,2023-12-01,2023-11-30,0.0,0.001,0.0
Equity-only,Maximum Sharpe,optimisation,2021-01-04,2020-12-31,0.9999999999999999,0.001,0.0009999999999999998
Equity-only,Maximum Sharpe,optimisation,2021-02-01,2021-01-29,0.5720122118898002,0.001,0.0005720122118898002
Equity-only,Maximum Sharpe,optimisation,2021-03-01,2021-02-26,1.237834633723529,0.001,0.001237834633723529
Equity-only,Maximum Sharpe,optimisation,2021-04-01,2021-03-31,1.3807851651539422,0.001,0.0013807851651539422
Equity-only,Maximum Sharpe,optimisation,2021-05-03,2021-04-30,1.2292848097060576,0.001,0.0012292848097060576
Equity-only,Maximum Sharpe,optimisation,2021-06-01,2021-05-28,0.4118674117865929,0.001,0.00041186741178659295
Equity-only,Maximum Sharpe,optimisation,2021-07-01,2021-06-30,0.9716730066327061,0.001,0.000971673006632706
Equity-only,Maximum Sharpe,optimisation,2021-08-02,2021-07-30,0.4158037114958545,0.001,0.0004158037114958545
Equity-only,Maximum Sharpe,optimisation,2021-09-01,2021-08-31,0.2934855476561493,0.001,0.00029348554765614934
Equity-only,Maximum Sharpe,optimisation,2021-10-01,2021-09-30,0.6926154625659572,0.001,0.0006926154625659572
Equity-only,Maximum Sharpe,optimisation,2021-11-01,2021-10-29,0.8906344381932115,0.001,0.0008906344381932116
Equity-only,Maximum Sharpe,optimisation,2021-12-01,2021-11-30,0.5794758842185977,0.001,0.0005794758842185977
Equity-only,Maximum Sharpe,optimisation,2022-01-03,2021-12-31,0.4966471178053702,0.001,0.0004966471178053702
Equity-only,Maximum Sharpe,optimisation,2022-02-01,2022-01-31,0.6111484133082755,0.001,0.0006111484133082756
Equity-only,Maximum Sharpe,optimisation,2022-03-01,2022-02-28,0.3841499390907923,0.001,0.0003841499390907923
Equity-only,Maximum Sharpe,optimisation,2022-04-01,2022-03-31,0.5893546329637979,0.001,0.0005893546329637979
Equity-only,Maximum Sharpe,optimisation,2022-05-02,2022-04-29,0.9488428998555396,0.001,0.0009488428998555397
Equity-only,Maximum Sharpe,optimisation,2022-06-01,2022-05-31,1.1481492196520215,0.001,0.0011481492196520216
Equity-only,Maximum Sharpe,optimisation,2022-07-01,2022-06-30,0.7619533402271813,0.001,0.0007619533402271813
Equity-only,Maximum Sharpe,optimisation,2022-08-01,2022-07-29,0.553427809982607,0.001,0.000553427809982607
Equity-only,Maximum Sharpe,optimisation,2022-09-01,2022-08-31,0.5698229208201999,0.001,0.0005698229208201999
Equity-only,Maximum Sharpe,optimisation,2022-10-03,2022-09-30,0.9828741187831107,0.001,0.0009828741187831106
Equity-only,Maximum Sharpe,optimisation,2022-11-01,2022-10-31,1.2514873909850206,0.001,0.0012514873909850205
Equity-only,Maximum Sharpe,optimisation,2022-12-01,2022-11-30,0.8081179384636565,0.001,0.0008081179384636565
Equity-only,Maximum Sharpe,optimisation,2023-01-03,2022-12-30,0.6590492769472769,0.001,0.0006590492769472769
Equity-only,Maximum Sharpe,optimisation,2023-02-01,2023-01-31,0.5673986882479873,0.001,0.0005673986882479873
Equity-only,Maximum Sharpe,optimisation,2023-03-01,2023-02-28,0.48868652713342586,0.001,0.0004886865271334259
Equity-only,Maximum Sharpe,optimisation,2023-04-03,2023-03-31,0.540167306532852,0.001,0.0005401673065328521
Equity-only,Maximum Sharpe,optimisation,2023-05-01,2023-04-28,0.7627477024147195,0.001,0.0007627477024147195
Equity-only,Maximum Sharpe,optimisation,2023-06-01,2023-05-31,0.657350711974063,0.001,0.000657350711974063
Equity-only,Maximum Sharpe,optimisation,2023-07-03,2023-06-30,0.3631954568818494,0.001,0.00036319545688184943
Equity-only,Maximum Sharpe,optimisation,2023-08-01,2023-07-31,0.29923812843393394,0.001,0.00029923812843393396
Equity-only,Maximum Sharpe,optimisation,2023-09-01,2023-08-31,0.32659022799392856,0.001,0.00032659022799392856
Equity-only,Maximum Sharpe,optimisation,2023-10-02,2023-09-29,0.4388169103945356,0.001,0.0004388169103945356
Equity-only,Maximum Sharpe,optimisation,2023-11-01,2023-10-31,0.45197400638788693,0.001,0.0004519740063878869
Equity-only,Maximum Sharpe,optimisation,2023-12-01,2023-11-30,0.5721771531567135,0.001,0.0005721771531567134
Equity-only,Minimum Variance,optimisation,2021-01-04,2020-12-31,1.0,0.001,0.001
Equity-only,Minimum Variance,optimisation,2021-02-01,2021-01-29,0.1030475728295691,0.001,0.0001030475728295691
Equity-only,Minimum Variance,optimisation,2021-03-01,2021-02-26,0.2092703088624028,0.001,0.0002092703088624028
Equity-only,Minimum Variance,optimisation,2021-04-01,2021-03-31,0.6128908437036252,0.001,0.0006128908437036252
Equity-only,Minimum Variance,optimisation,2021-05-03,2021-04-30,0.4012428604133701,0.001,0.0004012428604133701
Equity-only,Minimum Variance,optimisation,2021-06-01,2021-05-28,0.2178141288736089,0.001,0.0002178141288736089
Equity-only,Minimum Variance,optimisation,2021-07-01,2021-06-30,0.41918097464577814,0.001,0.00041918097464577816
Equity-only,Minimum Variance,optimisation,2021-08-02,2021-07-30,0.14293973949154762,0.001,0.0001429397394915476
Equity-only,Minimum Variance,optimisation,2021-09-01,2021-08-31,0.11777099327743759,0.001,0.00011777099327743759
Equity-only,Minimum Variance,optimisation,2021-10-01,2021-09-30,0.3562658292659103,0.001,0.0003562658292659103
Equity-only,Minimum Variance,optimisation,2021-11-01,2021-10-29,0.4222299026185849,0.001,0.0004222299026185849
Equity-only,Minimum Variance,optimisation,2021-12-01,2021-11-30,0.38392871396633227,0.001,0.00038392871396633225
Equity-only,Minimum Variance,optimisation,2022-01-03,2021-12-31,0.24139192987063793,0.001,0.00024139192987063793
Equity-only,Minimum Variance,optimisation,2022-02-01,2022-01-31,0.591032924921132,0.001,0.000591032924921132
Equity-only,Minimum Variance,optimisation,2022-03-01,2022-02-28,0.5492358324153994,0.001,0.0005492358324153994
Equity-only,Minimum Variance,optimisation,2022-04-01,2022-03-31,0.28383161736699825,0.001,0.00028383161736699825
Equity-only,Minimum Variance,optimisation,2022-05-02,2022-04-29,0.45296987498147323,0.001,0.00045296987498147324
Equity-only,Minimum Variance,optimisation,2022-06-01,2022-05-31,0.4849674409068299,0.001,0.0004849674409068299
Equity-only,Minimum Variance,optimisation,2022-07-01,2022-06-30,0.27029325441001895,0.001,0.00027029325441001894
Equity-only,Minimum Variance,optimisation,2022-08-01,2022-07-29,0.10317710496113315,0.001,0.00010317710496113315
Equity-only,Minimum Variance,optimisation,2022-09-01,2022-08-31,0.31911886583623655,0.001,0.00031911886583623655
Equity-only,Minimum Variance,optimisation,2022-10-03,2022-09-30,0.38634065891667857,0.001,0.0003863406589166786
Equity-only,Minimum Variance,optimisation,2022-11-01,2022-10-31,0.28637444711864646,0.001,0.00028637444711864646
Equity-only,Minimum Variance,optimisation,2022-12-01,2022-11-30,0.32092839418181984,0.001,0.00032092839418181984
Equity-only,Minimum Variance,optimisation,2023-01-03,2022-12-30,0.11624954288867469,0.001,0.0001162495428886747
Equity-only,Minimum Variance,optimisation,2023-02-01,2023-01-31,0.17132899640564456,0.001,0.00017132899640564457
Equity-only,Minimum Variance,optimisation,2023-03-01,2023-02-28,0.20627258387082698,0.001,0.00020627258387082698
Equity-only,Minimum Variance,optimisation,2023-04-03,2023-03-31,0.2143638938251336,0.001,0.0002143638938251336
Equity-only,Minimum Variance,optimisation,2023-05-01,2023-04-28,0.1900916195504661,0.001,0.0001900916195504661
Equity-only,Minimum Variance,optimisation,2023-06-01,2023-05-31,0.4277399959416776,0.001,0.0004277399959416776
Equity-only,Minimum Variance,optimisation,2023-07-03,2023-06-30,0.30746612782108257,0.001,0.00030746612782108255
Equity-only,Minimum Variance,optimisation,2023-08-01,2023-07-31,0.10605065310849561,0.001,0.0001060506531084956
Equity-only,Minimum Variance,optimisation,2023-09-01,2023-08-31,0.25822607712163886,0.001,0.00025822607712163885
Equity-only,Minimum Variance,optimisation,2023-10-02,2023-09-29,0.21812609381649892,0.001,0.0002181260938164989
Equity-only,Minimum Variance,optimisation,2023-11-01,2023-10-31,0.34080970764140445,0.001,0.0003408097076414044
Equity-only,Minimum Variance,optimisation,2023-12-01,2023-11-30,0.28617431960148626,0.001,0.00028617431960148627
