month,sector,sector_sentiment_mean,absolute_sentiment_mean,headline_count,active_ticker_count_mean,active_ticker_share_mean,ticker_headline_share_hhi_mean,sentiment_disagreement_std_mean,sentiment_disagreement_iqr_mean,missing_sector_days
2020-01,Comm,0.09194610248745963,0.1226234834398406,269,3.5714285714285716,0.7142857142857143,0.4054767743941927,0.18057255623754603,0.17264237193362192,0
2020-01,Consumer,0.06694069524048936,0.09424899456021725,578,4.714285714285714,0.9428571428571428,0.33397238996896295,0.14122837893182863,0.1288411305268028,0
2020-01,Energy,0.10598720868549441,0.1121838493781351,393,4.380952380952381,0.8761904761904761,0.30544148855977876,0.1379102597085302,0.14477760204081633,0
2020-01,Financials,0.1322614596052096,0.14191225325600326,331,4.142857142857143,0.8285714285714285,0.3518792286368976,0.1565356862866304,0.15323197678644107,0
2020-01,Healthcare,0.19011439637589042,0.19011439637589042,309,4.190476190476191,0.8380952380952381,0.3342282712081953,0.20543846688953038,0.24701547039270252,0
2020-01,Industrials,0.06343034539556563,0.08927323088309398,294,3.857142857142857,0.7714285714285714,0.3840336464756669,0.12201166460670303,0.11302449121315192,0
2020-01,Materials,0.06501962788534217,0.11120531164602594,191,3.2857142857142856,0.6571428571428571,0.3925281092325098,0.19676335677061044,0.15778227367870223,0
2020-01,RealEstate,0.09102025132275132,0.11473009259259259,91,2.619047619047619,0.5238095238095238,0.5010927545621423,0.14386979542151784,0.11843948412698413,0
2020-01,Tech,0.08780085327531603,0.11082130382476657,538,4.380952380952381,0.8761904761904763,0.3756123302468294,0.1331526781317629,0.15886068981283266,0
2020-01,Utilities,0.1746972712585034,0.1780425093537415,211,3.6666666666666665,0.7333333333333334,0.4033755041188005,0.136086708840006,0.12434370890022677,0
2020-02,Comm,0.10492970245466608,0.12634313296722197,267,3.8947368421052633,0.7789473684210527,0.3885303756552035,0.1862293282723211,0.1525280559855521,0
2020-02,Consumer,0.07767526458199524,0.09419365379031013,606,4.7894736842105265,0.9578947368421052,0.35667054935858195,0.16845036637179625,0.18221145643142547,0
2020-02,Energy,0.13120592425775976,0.15020520997204548,341,4.684210526315789,0.9368421052631579,0.27752389399301464,0.15820389283668748,0.15416976780894542,0
2020-02,Financials,0.12713380273600666,0.1583978534878864,245,4.157894736842105,0.8315789473684211,0.3304894768001472,0.17286987095925738,0.15666943452380952,0
2020-02,Healthcare,0.1342776934992668,0.13755543618932528,477,4.473684210526316,0.8947368421052632,0.4116588919027897,0.18386732664442826,0.2057707943812654,0
2020-02,Industrials,0.08312900292397661,0.08577330116959064,210,4.0,0.8,0.33647726281421503,0.17262327238908254,0.15151416666666667,0
2020-02,Materials,0.08345955544163439,0.08633587123110807,210,3.736842105263158,0.7473684210526316,0.3719219635312534,0.15966620238670992,0.140790507518797,0
2020-02,RealEstate,0.08925206944444444,0.08953709868421053,205,3.5789473684210527,0.7157894736842106,0.40029899517011186,0.07914520954513496,0.0835138048245614,0
2020-02,Tech,0.05678597584779397,0.10572782213016656,423,4.526315789473684,0.9052631578947368,0.32076637746858283,0.1766407404191788,0.1793373223580089,0
2020-02,Utilities,0.18302530412350806,0.18824635675508702,308,3.9473684210526314,0.7894736842105263,0.34042984845753377,0.1396190102132262,0.14499998019889468,0
2020-03,Comm,0.09211693140823822,0.10242608292338974,304,3.9545454545454546,0.790909090909091,0.3351095428690056,0.17529853524616268,0.18049285443722943,0
2020-03,Consumer,0.05239276874319431,0.07425883556811291,777,4.7727272727272725,0.9545454545454546,0.2889651339707937,0.1488612567472958,0.1246288624178045,0
2020-03,Energy,0.05740866683294644,0.09441110374983074,592,4.818181818181818,0.9636363636363636,0.3058340061564366,0.1357602900003292,0.10720366973304474,0
2020-03,Financials,0.034352150072150076,0.1210410818903319,337,4.7272727272727275,0.9454545454545454,0.26854982776886555,0.19851355997450293,0.2312642424242424,0
2020-03,Healthcare,0.16002038505623165,0.1734149911168377,500,4.2272727272727275,0.8454545454545456,0.4082913923715985,0.15839778697497825,0.15803042747971727,0
2020-03,Industrials,0.06440407305194805,0.09837457954545453,357,4.318181818181818,0.8636363636363636,0.31683405101568574,0.15023226798015368,0.1468358143939394,0
2020-03,Materials,0.11625132305194805,0.1298946563852814,220,3.6363636363636362,0.7272727272727273,0.35095578632615404,0.1947794689926619,0.20871168019480518,0
2020-03,RealEstate,0.1683598200757576,0.18408879734848485,152,3.3636363636363638,0.6727272727272727,0.3840961832903225,0.23631068216320053,0.23719010416666667,0
2020-03,Tech,0.10065692463786213,0.14437301771145522,425,4.909090909090909,0.9818181818181819,0.27601195837242787,0.18255193702312178,0.2183738169122544,0
2020-03,Utilities,0.17472165674603174,0.21193968163780666,240,3.909090909090909,0.7818181818181817,0.31302651199672,0.17606656643496763,0.1753471185064935,0
2020-04,Comm,0.10849684933948327,0.11978478584741978,388,4.238095238095238,0.8476190476190476,0.3248107167248661,0.15636725863027415,0.1596138675659658,0
2020-04,Consumer,0.0976678172213226,0.10070838882953896,975,4.809523809523809,0.9619047619047618,0.3305280269299295,0.14820929360901575,0.15449559636739538,0
2020-04,Energy,0.04247813340166083,0.10473219575727546,818,4.857142857142857,0.9714285714285713,0.2680176246321488,0.13677360611328798,0.12265092135492757,0
2020-04,Financials,0.09460330942073798,0.10839938084930942,612,4.857142857142857,0.9714285714285713,0.27975859759425725,0.14657624714105993,0.13067588728731586,0
2020-04,Healthcare,0.11277203735262528,0.12672824719968465,928,4.619047619047619,0.9238095238095237,0.445194871942793,0.19011603478902103,0.15990478464005958,0
2020-04,Industrials,0.06979914658603528,0.09925549323409621,698,4.619047619047619,0.9238095238095237,0.3213076869723035,0.1781450896970665,0.1696049416473333,0
2020-04,Materials,0.12438944652305367,0.15007451832955404,303,4.095238095238095,0.819047619047619,0.3366119134413969,0.19583845736575708,0.1960165523431595,0
2020-04,RealEstate,0.12997912646876933,0.16444605768570056,194,3.619047619047619,0.7238095238095239,0.3698222015875966,0.2158065990258005,0.19930931251288395,0
2020-04,Tech,0.14747470113949784,0.20030168526648195,510,4.761904761904762,0.9523809523809523,0.32965863336572176,0.21713732011998454,0.21772422975690764,0
2020-04,Utilities,0.15999821879863058,0.1757297142634832,255,3.857142857142857,0.7714285714285714,0.3232493313362325,0.18728805538928706,0.1976371477479881,0
2020-05,Comm,0.08716540065536316,0.11127889232202984,384,4.5,0.9,0.32331328630702816,0.19912097647185154,0.18851424305555556,0
2020-05,Consumer,0.09433054860075926,0.10427331407156297,822,4.8,0.96,0.3701534209576581,0.1452914894240041,0.11492875835965506,0
2020-05,Energy,0.057361673851148855,0.10900633055000555,522,4.85,0.97,0.27320237143698844,0.15025414749625163,0.13055801247363746,0
2020-05,Financials,0.09166180840548341,0.1221009465007215,453,4.95,0.99,0.24682718605342285,0.1715315336829497,0.1583437738095238,0
2020-05,Healthcare,0.07314824216850105,0.09116145735609124,708,4.6,0.9199999999999999,0.3470833736646746,0.14316319776338424,0.1340032801850927,0
2020-05,Industrials,0.11158133496572872,0.13687786194985568,407,4.4,0.8800000000000001,0.3923351273747018,0.2134688722140654,0.20784685123557,0
2020-05,Materials,0.11023227278244632,0.11292334421101775,275,3.65,0.73,0.3744527245303763,0.1253785847135867,0.11627179831932774,0
2020-05,RealEstate,0.09098663888888889,0.13773330555555557,143,3.45,0.6900000000000001,0.386749716553288,0.17178544710119925,0.17312195833333333,0
2020-05,Tech,0.12098103662464985,0.1595978842436975,437,4.7,0.9400000000000001,0.2976477422886663,0.1971399764000228,0.24034677579365077,0
2020-05,Utilities,0.20182583671536797,0.20182583671536797,229,3.75,0.75,0.37357016713751734,0.1640321909065568,0.18775077178030303,0
2020-06,Comm,0.10181656864221637,0.11870649288464062,270,3.9545454545454546,0.7909090909090909,0.38082835116543506,0.16261427072030119,0.1455764211104552,0
2020-06,Consumer,0.0879543025602099,0.10059481440593993,649,4.7272727272727275,0.9454545454545454,0.29896567287125086,0.15165126570864168,0.12796488009717555,0
2020-06,Energy,0.10457415328337487,0.15425736445351787,346,4.2727272727272725,0.8545454545454546,0.3281457255923081,0.22437359204434965,0.22795118174439197,0
2020-06,Financials,0.08419509794372294,0.11247390313852813,361,4.409090909090909,0.8818181818181817,0.28237450958936566,0.16579806458472712,0.1517883576839827,0
2020-06,Healthcare,0.11095082021298079,0.12812180506146564,367,4.090909090909091,0.8181818181818182,0.37960574360285243,0.15416645886816185,0.1398405478896104,0
2020-06,Industrials,0.1039009421555403,0.12592640115732284,403,4.0,0.8,0.466185156235916,0.17450910344860937,0.17193250182451109,0
2020-06,Materials,0.10320892857142856,0.17535654761904762,77,2.272727272727273,0.45454545454545453,0.5834846421186867,0.16505453786270993,0.13995257936507938,1
2020-06,RealEstate,0.1133201754385965,0.14093070175438596,59,1.9090909090909092,0.38181818181818183,0.5876608187134503,0.1164440632481681,0.08610394736842104,3
2020-06,Tech,0.11750156265031265,0.18644966871091873,241,3.590909090909091,0.7181818181818183,0.36551538203714595,0.16438353433191474,0.15336519119769118,0
2020-06,Utilities,0.17686872474747475,0.2018740782828283,76,2.1363636363636362,0.4272727272727273,0.622963048855906,0.07894080309663848,0.06068651515151516,0
2020-07,Comm,0.037651941829004325,0.11335023728354977,203,3.4545454545454546,0.6909090909090909,0.4273774421280324,0.10876203674931294,0.11241783955627706,0
2020-07,Consumer,0.08741122769182948,0.09734606732189638,574,4.863636363636363,0.9727272727272727,0.2876540463076975,0.1602003668398807,0.13701325347632165,0
2020-07,Energy,0.13649864446916718,0.15989957520509793,294,3.6818181818181817,0.7363636363636363,0.4099444902867598,0.14854979811101174,0.1664132128982129,0
2020-07,Financials,0.05566479513193767,0.113736452287913,365,3.909090909090909,0.7818181818181817,0.37688382366915474,0.18383098707787582,0.1507481194515026,0
2020-07,Healthcare,0.14818012677410974,0.16329507536718332,295,4.0,0.8,0.3706994711696835,0.17311468969833108,0.17195667479301002,0
2020-07,Industrials,0.09724498305107306,0.11407169877978879,336,3.8181818181818183,0.7636363636363637,0.4568183298522891,0.20578180903334523,0.197386476297659,0
2020-07,Materials,0.07947675438596491,0.09152149122807017,74,1.9090909090909092,0.38181818181818183,0.6241958661575886,0.08644558070320152,0.06616263157894738,3
2020-07,RealEstate,0.03567464912280701,0.13479833333333333,54,1.7272727272727273,0.34545454545454546,0.6769590643274853,0.10334155313072127,0.06921315789473684,3
2020-07,Tech,0.1529391442006153,0.15894384117031227,347,3.3181818181818183,0.6636363636363636,0.4232770903173334,0.17920701187790541,0.16617821436043645,0
2020-07,Utilities,0.19070175839659534,0.2182474594547964,135,2.6363636363636362,0.5272727272727272,0.45860247005118915,0.18165153345457835,0.15544572550034508,1
2020-08,Comm,0.10166630304087447,0.11254249351706495,213,3.380952380952381,0.6761904761904761,0.42537737659342245,0.14351421878781942,0.15383334554334555,0
2020-08,Consumer,0.08751468248260945,0.08997192559037888,535,4.619047619047619,0.9238095238095237,0.3857993635332337,0.18129042953256053,0.15549960975445468,0
2020-08,Energy,0.09795873551272362,0.1074363885739481,263,3.4285714285714284,0.6857142857142857,0.42716391297255385,0.1351032787307206,0.13224903533635676,0
2020-08,Financials,0.0939280678382464,0.11955616307634165,242,4.142857142857143,0.8285714285714285,0.3021556949517927,0.19631741419818566,0.18709859504913076,0
2020-08,Healthcare,0.1015814950239355,0.13214809819853868,233,3.857142857142857,0.7714285714285714,0.4091287015846997,0.21378491962352492,0.1629590617913832,0
2020-08,Industrials,0.09960327485169153,0.13773031597723265,256,3.9047619047619047,0.7809523809523808,0.3800811907657503,0.18458135742409829,0.1660608134920635,0
2020-08,Materials,0.08898918128654972,0.1269611111111111,57,2.0,0.4,0.6062573099415204,0.07790133316782286,0.0761267543859649,2
2020-08,RealEstate,0.13144126984126983,0.16488650793650791,54,2.0476190476190474,0.4095238095238095,0.6276455026455027,0.0882834237215768,0.06889801587301587,0
2020-08,Tech,0.1127348502886003,0.13500475202707346,259,3.2857142857142856,0.6571428571428571,0.3935143138386665,0.1734081047071587,0.1474780642307428,0
2020-08,Utilities,0.20050005847953214,0.207263216374269,86,2.380952380952381,0.47619047619047616,0.49876380766731643,0.11086031158569955,0.08941385964912281,2
2020-09,Comm,0.12955068027210884,0.14413083900226756,148,2.8095238095238093,0.5619047619047619,0.4963270077218177,0.15643176669525727,0.1393081037414966,0
2020-09,Consumer,0.1357889990267669,0.1357889990267669,507,4.380952380952381,0.8761904761904763,0.3313760344461573,0.15263885986318437,0.15562619486135557,0
2020-09,Energy,0.08950975377928949,0.14673983616780045,173,2.9523809523809526,0.5904761904761905,0.46583172602779976,0.19100704154954642,0.15492324546485262,0
2020-09,Financials,0.06576727088057445,0.1122297198601663,225,4.0476190476190474,0.8095238095238095,0.3309431086990248,0.19577511234483444,0.1878996839569161,0
2020-09,Healthcare,0.09793730794636694,0.17186909366065267,232,3.619047619047619,0.7238095238095239,0.3936515932515568,0.16362926731278396,0.16053263383614316,0
2020-09,Industrials,0.12765555556970262,0.13140241271255976,272,3.8095238095238093,0.7619047619047619,0.3864155855877425,0.20143848594260377,0.21684364746908866,0
2020-09,Materials,0.07641861111111112,0.11921194444444444,49,1.5238095238095237,0.3047619047619048,0.5996825396825397,0.08643657900580597,0.07066583333333334,6
2020-09,RealEstate,0.028318827160493824,0.13177438271604938,34,1.2857142857142858,0.2571428571428572,0.8022222222222222,0.0827263242614172,0.06424583333333334,3
2020-09,Tech,0.12026758503401361,0.14175917233560092,212,3.380952380952381,0.6761904761904762,0.3584521971890452,0.1285664388139832,0.12323755102040816,0
2020-09,Utilities,0.1968378822055138,0.21368720551378448,76,1.7142857142857142,0.34285714285714286,0.7487677872366868,0.06967759491233254,0.04512833333333333,2
2020-10,Comm,0.09882483731798505,0.14121588021448248,223,3.272727272727273,0.6545454545454545,0.4575321764983345,0.15502481284759215,0.13893271645021643,0
2020-10,Consumer,0.12809717650627547,0.1357622881490187,455,4.5,0.9,0.3137071154816653,0.15192898234099192,0.1476469676062574,0
2020-10,Energy,0.0846927706658421,0.13056393657665086,297,3.5,0.7000000000000001,0.37601521768701346,0.16955848080723804,0.12856841188242973,1
2020-10,Financials,0.1775298389252153,0.1775298389252153,388,4.181818181818182,0.8363636363636364,0.3317490865771763,0.17143579936469885,0.16927078953428817,0
2020-10,Healthcare,0.07427205341691137,0.10950853826539621,302,4.0,0.8,0.389389350189509,0.20415587653808254,0.1922374016482255,0
2020-10,Industrials,0.14146930351561318,0.1564801796394893,353,3.8181818181818183,0.7636363636363637,0.4066723814854813,0.18340679888694933,0.19399629181582306,0
2020-10,Materials,0.16735125,0.16735125,59,1.1818181818181819,0.23636363636363636,0.7553125,0.0734766151627064,0.05325260416666666,6
2020-10,RealEstate,0.13052948717948717,0.17663717948717947,25,0.9545454545454546,0.19090909090909092,0.7275641025641026,0.14840104236322416,0.11086538461538462,9
2020-10,Tech,0.11744386182441297,0.1283771951577463,261,3.1818181818181817,0.6363636363636364,0.46315233728966115,0.13971173630644443,0.12675009127804013,0
2020-10,Utilities,0.23379841269841273,0.23594126984126987,79,2.1818181818181817,0.43636363636363634,0.5181415343915344,0.12537646794710383,0.09775357142857143,1
2020-11,Comm,0.07784028877217554,0.10419229710550888,266,4.05,0.8099999999999999,0.36382003025216747,0.19743857993942973,0.15266758175770306,0
2020-11,Consumer,0.12015339696893654,0.12389381363560321,475,4.35,0.8699999999999999,0.34761742506580184,0.14237744730768104,0.1419530891504329,0
2020-11,Energy,0.1227329031898657,0.14826171866605617,237,3.55,0.71,0.42913230419047543,0.13536804529762653,0.13236121634615386,0
2020-11,Financials,0.12688945094627596,0.13081445094627595,301,4.2,0.8400000000000001,0.301999552692905,0.15539570233861155,0.1635909281135531,0
2020-11,Healthcare,0.10480354169973545,0.113846597255291,199,3.75,0.75,0.36768208167386074,0.1543357288203546,0.15590141319444445,0
2020-11,Industrials,0.11243241299603175,0.11658414315476191,330,4.3,0.86,0.36928334428863696,0.12579700326650428,0.10864900148809524,0
2020-11,Materials,0.15605427083333334,0.17730427083333333,51,1.9,0.38,0.5690432098765432,0.14773759395007555,0.12735677083333333,4
2020-11,RealEstate,0.12583944444444445,0.12583944444444445,34,1.45,0.29,0.675,0.09193527742517427,0.08433,5
2020-11,Tech,0.1365978179563492,0.14513451240079364,208,3.4,0.6799999999999999,0.3856016727936714,0.14135170838991734,0.13586169791666666,0
2020-11,Utilities,0.18326570767195768,0.2033703373015873,87,2.3,0.45999999999999996,0.59541761148904,0.14754056022229986,0.12006044973544973,2
2020-12,Comm,0.09608830753421663,0.11918830753421662,212,2.8181818181818183,0.5636363636363636,0.5892137965482847,0.12423752815609503,0.12025718065394203,0
2020-12,Consumer,0.16822567767732002,0.1683847823605156,516,4.681818181818182,0.9363636363636364,0.30919103139088483,0.17860804644607017,0.1381068624557261,0
2020-12,Energy,0.09015658658008659,0.11307804112554112,265,3.727272727272727,0.7454545454545454,0.3704716684375283,0.14851408274740738,0.11953776515151514,0
2020-12,Financials,0.13766981226741096,0.1803918720760234,281,4.181818181818182,0.8363636363636364,0.2964922271371069,0.21600773844356722,0.23749058512759172,0
2020-12,Healthcare,0.16980790824915826,0.19016018097643095,183,3.3636363636363638,0.6727272727272727,0.37561417621857185,0.20913492190296584,0.20847549242424243,0
2020-12,Industrials,0.12142800915669297,0.1326811505708344,351,4.181818181818182,0.8363636363636363,0.3887186985818048,0.16316355914050087,0.19096314011968427,0
2020-12,Materials,0.12490486111111111,0.12964560185185184,47,1.5909090909090908,0.3181818181818182,0.6683648274124465,0.09343467190855345,0.07051643518518519,4
2020-12,RealEstate,0.10888714285714286,0.11866809523809525,56,1.9545454545454546,0.3909090909090909,0.6917195767195767,0.050247662843580704,0.04286333333333334,1
2020-12,Tech,0.15396795634920635,0.1630115927128427,249,3.5454545454545454,0.7090909090909091,0.3830319419813008,0.16842015754145,0.18078928030303032,0
2020-12,Utilities,0.2352886574074074,0.2352886574074074,51,1.6363636363636365,0.32727272727272727,0.6813876291257244,0.10684734811929077,0.10700300925925926,4
2021-01,Comm,0.056128585004177105,0.10334473788638261,231,3.6315789473684212,0.7263157894736842,0.4331129085391041,0.12921345387961547,0.13543784147869675,0
2021-01,Consumer,0.08887952547087416,0.10271834126034785,407,4.7368421052631575,0.9473684210526315,0.2889578008553158,0.13968364764797578,0.14372882210260501,0
2021-01,Energy,0.06783875819356082,0.14057352427543215,224,3.789473684210526,0.7578947368421053,0.4029010922364786,0.14480926741513891,0.16026359384037017,0
2021-01,Financials,0.12142423606825714,0.12324416088028721,360,4.0,0.8,0.35789932248545936,0.14240718586470835,0.13406746345442,0
2021-01,Healthcare,0.1193236177944862,0.14475321679197994,176,3.789473684210526,0.7578947368421053,0.35419098490273304,0.16614642978195776,0.18132984962406015,0
2021-01,Industrials,0.1149579428120127,0.122691977899732,324,4.0,0.7999999999999999,0.4109766809371327,0.2052950670231788,0.17481344648036168,0
2021-01,Materials,0.04371804824561404,0.11879524122807018,68,2.263157894736842,0.4526315789473684,0.5853622150614632,0.08203545188977512,0.07457769736842104,0
2021-01,RealEstate,0.09973251633986929,0.1080295751633987,63,2.0526315789473686,0.41052631578947374,0.5843684140322796,0.08850876445609074,0.07365588235294118,2
2021-01,Tech,0.12011535574059173,0.1310431335183695,303,3.5789473684210527,0.7157894736842105,0.43707016422579126,0.1601305707126859,0.14908438175811603,0
2021-01,Utilities,0.18767399691358025,0.23009621913580247,73,2.1578947368421053,0.431578947368421,0.5916234847848605,0.15906100021701794,0.13822777777777778,1
2021-02,Comm,0.10700624250018986,0.11903237031973875,226,3.8947368421052633,0.7789473684210527,0.35939081255012034,0.21059914108664984,0.18710162793347004,0
2021-02,Consumer,0.09447715799916458,0.11161528665413535,405,4.631578947368421,0.9263157894736843,0.3322597501832498,0.16349806025977778,0.17248302788220551,0
2021-02,Energy,0.08279034956560061,0.11226349559654719,249,3.6842105263157894,0.7368421052631579,0.3902596079808749,0.1487798679109462,0.13447663894834774,0
2021-02,Financials,0.09298797034252297,0.10729564369256475,237,3.9473684210526314,0.7894736842105263,0.3200061665422261,0.1245576749452793,0.13545164578111948,0
2021-02,Healthcare,0.13306210021265286,0.16473052126528442,191,3.789473684210526,0.7578947368421053,0.3721985942384663,0.2507830090367373,0.18001205741626794,0
2021-02,Industrials,0.0639489451674057,0.11065722586916008,250,3.9473684210526314,0.7894736842105263,0.36185109120679404,0.18461591428259355,0.1573589272058351,0
2021-02,Materials,0.08216661458333334,0.08216661458333334,76,2.263157894736842,0.4526315789473684,0.4678993055555556,0.11212831930049255,0.09207078125,3
2021-02,RealEstate,0.140526568627451,0.140526568627451,62,2.4210526315789473,0.4842105263157894,0.5000600240096038,0.12791111327076687,0.09716049019607843,2
2021-02,Tech,0.15419524977215765,0.15803472345636818,182,3.4210526315789473,0.6842105263157895,0.3682524176781455,0.1728579529743943,0.16245924783549784,0
2021-02,Utilities,0.2082044590643275,0.2254544590643275,82,2.6842105263157894,0.5368421052631579,0.5302867618782405,0.14513008931925545,0.13236776315789475,0
2021-03,Comm,0.10515908963077984,0.11263468383367839,207,3.782608695652174,0.7565217391304347,0.3862554532269808,0.16741982588467708,0.15410676889233954,0
2021-03,Consumer,0.12476744748729532,0.13640920826275174,490,4.521739130434782,0.9043478260869565,0.3221662212255087,0.13346429637089688,0.14243709886128364,0
2021-03,Energy,0.10911093155154025,0.16518441671372108,261,3.5217391304347827,0.7043478260869565,0.39987691357534383,0.12370950164097598,0.14027886253842775,0
2021-03,Financials,0.12287025472474386,0.1264046025508308,329,4.304347826086956,0.8608695652173913,0.30796998488696264,0.16799120863178862,0.15653984903381643,0
2021-03,Healthcare,0.10467919522084197,0.12464522782953762,186,3.652173913043478,0.7304347826086957,0.3669570195450973,0.1934838285006693,0.21172975543478262,0
2021-03,Industrials,0.0837292409353931,0.12103619745713223,293,3.782608695652174,0.7565217391304349,0.40076783239783376,0.22209872405160902,0.1958154278149387,0
2021-03,Materials,0.09924437134502924,0.13317419590643276,54,1.608695652173913,0.32173913043478264,0.6292093328559494,0.11803470672637789,0.08538618421052631,4
2021-03,RealEstate,0.15059351851851852,0.15358842592592595,61,2.130434782608696,0.42608695652173917,0.5039367598891409,0.13777122968980068,0.13244305555555558,5
2021-03,Tech,0.1304269936162871,0.1442197472394755,211,3.4347826086956523,0.6869565217391305,0.3811860900302531,0.1839360256995154,0.16631072722567286,0
2021-03,Utilities,0.18527322530864196,0.21379266975308642,51,1.565217391304348,0.3130434782608696,0.6292901234567901,0.1254140659674824,0.10476226851851851,5
2021-04,Comm,0.11563631876589021,0.14077500924208067,235,3.4761904761904763,0.6952380952380952,0.4690511444814681,0.17149425084843734,0.1735713296227582,0
2021-04,Consumer,0.1074166719743453,0.11701712095393713,430,4.619047619047619,0.9238095238095237,0.28931103174025496,0.1304814329858899,0.12022055980725624,0
2021-04,Energy,0.0740063029100529,0.13239622354497355,208,3.8095238095238093,0.7619047619047619,0.3520239689283493,0.16479876765370066,0.15779771825396824,0
2021-04,Financials,0.14120821458550836,0.14392107172836552,450,4.285714285714286,0.8571428571428571,0.3194273937086819,0.14387219425764938,0.14923506402903292,0
2021-04,Healthcare,0.12959998246991106,0.14292783961276817,257,4.238095238095238,0.8476190476190476,0.3387369208427923,0.2222999847476561,0.19951181972789117,0
2021-04,Industrials,0.11374745558255099,0.11854089326767288,291,4.0,0.8,0.3627000753892241,0.1683059262067382,0.12957966076695165,0
2021-04,Materials,0.11200125661375661,0.15769014550264548,61,1.9047619047619047,0.38095238095238093,0.5928685848382818,0.1507953303589137,0.14283181216931218,3
2021-04,RealEstate,0.13697203216374268,0.1907158918128655,65,1.8095238095238095,0.36190476190476195,0.7010711302064686,0.08141815032557535,0.06332206140350878,2
2021-04,Tech,0.10180141708379804,0.11017374512612609,280,3.5238095238095237,0.7047619047619048,0.4215816490117375,0.1349443287669749,0.13715570496963356,0
2021-04,Utilities,0.18153988293650794,0.18153988293650794,90,2.5238095238095237,0.5047619047619047,0.5049995748299321,0.1762009258776583,0.14989157738095238,1
2021-05,Comm,0.09995918534798534,0.11425988534798534,294,4.1,0.82,0.41272256497546556,0.16766422510908102,0.1749739880952381,0
2021-05,Consumer,0.11803584528769781,0.13141910162827752,417,4.3,0.86,0.34503456357124934,0.17849345302104563,0.17576528092611862,0
2021-05,Energy,0.07315304563492063,0.10880868452380951,239,3.55,0.7100000000000001,0.38178255700508856,0.16146249935142454,0.16125633928571428,0
2021-05,Financials,0.12084612450396826,0.12104320783730158,241,3.9,0.78,0.3217066971703741,0.17917356543175267,0.16523794791666666,0
2021-05,Healthcare,0.14713849444444443,0.1670029388888889,152,3.6,0.72,0.3573998750584642,0.2018737032364671,0.19674425,0
2021-05,Industrials,0.13095065,0.13095065,196,3.5,0.7,0.40781149545317685,0.1744772708429712,0.17302118154761906,0
2021-05,Materials,0.16235183114035087,0.1852067653508772,70,2.3,0.45999999999999996,0.578850708037311,0.12184689477433501,0.10310430921052632,1
2021-05,RealEstate,0.14579464285714286,0.16177321428571428,34,1.35,0.27,0.6698015873015873,0.06933189935638968,0.054658928571428574,6
2021-05,Tech,0.14255714682539683,0.1707388253968254,177,3.25,0.65,0.3857176938223309,0.17679529999655166,0.16301517857142858,0
2021-05,Utilities,0.27912399749373434,0.27912399749373434,62,2.15,0.43,0.6154702231769901,0.20123155860406042,0.17322161654135337,1
2021-06,Comm,0.14698655198084742,0.18435920349599896,195,3.409090909090909,0.6818181818181818,0.4385690034809402,0.17659321454741392,0.16248548160173162,0
2021-06,Consumer,0.10973525957375957,0.11479687862137862,418,4.7272727272727275,0.9454545454545454,0.29485216279498117,0.15953707126909178,0.13122468253968253,0
2021-06,Energy,0.13904723701298702,0.16512132792207793,272,4.045454545454546,0.8090909090909091,0.36885622633005855,0.19481721620287698,0.20521882575757575,0
2021-06,Financials,0.11672964213564213,0.13348686616161617,326,4.318181818181818,0.8636363636363636,0.30609118346391306,0.1529718384767393,0.14082578463203463,0
2021-06,Healthcare,0.14167980544077133,0.14629674758953168,183,3.6818181818181817,0.7363636363636363,0.3533995890022676,0.17913565004477808,0.15619693698347106,0
2021-06,Industrials,0.133109375,0.14628866792929293,148,3.227272727272727,0.6454545454545454,0.38268613000755863,0.17487597513063124,0.18360842803030303,0
2021-06,Materials,0.07552634027777777,0.07552634027777777,70,2.090909090909091,0.4181818181818182,0.6090802469135802,0.08819680542541694,0.08536339583333333,2
2021-06,RealEstate,0.1121387134502924,0.1731702923976608,49,1.6363636363636365,0.32727272727272727,0.7010233918128655,0.11176047730047808,0.07462763157894736,3
2021-06,Tech,0.1387118928872054,0.14499625736531987,242,3.5,0.7000000000000001,0.359400848603207,0.1887498519592082,0.18308898674242424,0
2021-06,Utilities,0.24989885416666668,0.2636963541666667,61,1.9545454545454546,0.3909090909090909,0.625484126984127,0.10986307454232305,0.09730968749999999,2
2021-07,Comm,0.11756143943688586,0.12018286800831443,202,3.7142857142857144,0.7428571428571429,0.37757741878004447,0.17195488304811604,0.16347988236961453,0
2021-07,Consumer,0.11249799936439223,0.11249799936439223,369,4.571428571428571,0.9142857142857143,0.2922638720758828,0.16627143743527356,0.16332341742252457,0
2021-07,Energy,0.12626426875901875,0.14960162325637325,252,3.8095238095238093,0.7619047619047619,0.3693342688542228,0.15439980603649614,0.14789814393939396,0
2021-07,Financials,0.1231028153215832,0.14334542586580085,424,4.190476190476191,0.8380952380952381,0.3277236545200763,0.14705187775880982,0.15370412433796363,0
2021-07,Healthcare,0.12141596768707483,0.13935729421768708,163,3.3333333333333335,0.6666666666666666,0.4367779416560596,0.1330067974426642,0.11192288832199546,0
2021-07,Industrials,0.11178486835474931,0.13026370433358528,154,2.8095238095238093,0.5619047619047619,0.4803426167989017,0.15495052539723814,0.1323324263038549,0
2021-07,Materials,0.11111415204678363,0.125713567251462,70,2.2857142857142856,0.45714285714285713,0.5407529239766081,0.12017579605200268,0.11919324561403509,2
2021-07,RealEstate,0.10733925438596491,0.14869802631578946,56,1.8571428571428572,0.37142857142857144,0.6509482038429407,0.09244281252077928,0.07111644736842104,2
2021-07,Tech,0.11611907939833535,0.13667696677550845,302,3.380952380952381,0.6761904761904762,0.40028504054817415,0.16965914793682776,0.16249540555674485,0
2021-07,Utilities,0.1530111111111111,0.1908920634920635,64,1.8095238095238095,0.36190476190476195,0.7032914462081129,0.1200621345342079,0.0894575396825397,0
2021-08,Comm,0.13741873556998557,0.14991681457431458,218,3.590909090909091,0.7181818181818183,0.4009038416515267,0.18649149971272816,0.15058604437229436,0
2021-08,Consumer,0.11918941605750488,0.11918941605750488,429,4.2727272727272725,0.8545454545454546,0.3547576643045242,0.12885982781424996,0.13145365304834056,0
2021-08,Energy,0.018079311934277843,0.08242053487800079,288,4.045454545454546,0.8090909090909091,0.3373487667328268,0.15867181955634055,0.13482449404761906,0
2021-08,Financials,0.11024779752886003,0.1252772520743146,272,4.045454545454546,0.8090909090909091,0.3243442339490562,0.14010248725970473,0.13525125676406927,0
2021-08,Healthcare,0.151991226010101,0.1563914532828283,156,3.8181818181818183,0.7636363636363637,0.34084224883446496,0.22047148651656154,0.20865979166666665,0
2021-08,Industrials,0.0945846212121212,0.13540666666666668,139,2.8636363636363638,0.5727272727272728,0.4707120750266165,0.16085926732940745,0.14672212121212122,0
2021-08,Materials,0.07815979797979798,0.09963959595959594,86,2.3181818181818183,0.4636363636363637,0.5992881944444445,0.1418893369357275,0.11113207070707071,0
2021-08,RealEstate,0.1799188596491228,0.1957964912280702,51,1.5909090909090908,0.3181818181818182,0.6846198830409357,0.08248700792146993,0.07829078947368422,3
2021-08,Tech,0.082084711552757,0.1014331206436661,323,3.4545454545454546,0.6909090909090909,0.40189921257199174,0.11547293365968823,0.1144435163321527,0
2021-08,Utilities,0.12104437134502925,0.16066483918128655,75,2.1363636363636362,0.4272727272727273,0.5369383279627641,0.15667707991565372,0.14749890350877193,3
2021-09,Comm,0.11666345398629148,0.1313297397005772,238,3.857142857142857,0.7714285714285714,0.33974930229666345,0.20007313488778466,0.21572312202380953,1
2021-09,Consumer,0.139193384492822,0.14264940036583787,431,4.714285714285714,0.9428571428571428,0.28723970421805073,0.1786202997312936,0.18704027233183482,0
2021-09,Energy,0.07167749645328217,0.10171964497935926,309,4.142857142857143,0.8285714285714285,0.36395159672326977,0.1329573429371552,0.14091654267689982,0
2021-09,Financials,0.07759082029478458,0.11021797222222222,308,4.523809523809524,0.9047619047619048,0.3186855811901592,0.1770811100238014,0.1709911479591837,0
2021-09,Healthcare,0.12696285257936507,0.14482101924603175,226,4.0476190476190474,0.8095238095238095,0.3139199896361862,0.17732671416224238,0.1905607906746032,1
2021-09,Industrials,0.082215582010582,0.09059812169312169,127,3.0,0.6,0.42316693416183215,0.14022365648202562,0.1349022222222222,0
2021-09,Materials,0.049431447368421054,0.07638057017543859,72,2.1904761904761907,0.43809523809523804,0.556576712097047,0.12761112485452425,0.10970372807017544,2
2021-09,RealEstate,0.13094854166666667,0.13094854166666667,65,2.0476190476190474,0.4095238095238095,0.6452569444444445,0.09557294318688922,0.07658645833333333,1
2021-09,Tech,0.13493291232048374,0.14924486999244144,310,4.666666666666667,0.9333333333333333,0.2724301703508725,0.16796200983835566,0.17079227324263038,0
2021-09,Utilities,0.17876220760233918,0.22780314327485382,69,2.0476190476190474,0.4095238095238095,0.5863936614953361,0.12832499401880212,0.10162127192982455,2
2021-10,Comm,0.15646785525321238,0.17504528533635677,201,3.6666666666666665,0.7333333333333334,0.4084698873731573,0.1814082776244112,0.16031236961451248,0
2021-10,Consumer,0.12318235123771731,0.12531466076152684,397,4.380952380952381,0.8761904761904763,0.31331772728795754,0.1450139897043196,0.14162559195269017,0
2021-10,Energy,0.16361306103552534,0.16361306103552534,280,4.0,0.8,0.3463623731404947,0.15973133606826248,0.1676091506046863,0
2021-10,Financials,0.08773826440490726,0.12371564535728821,387,4.285714285714286,0.8571428571428571,0.3140131592962908,0.16980360254882584,0.15047047124832838,0
2021-10,Healthcare,0.080360808276872,0.09759432301610102,336,4.0,0.8,0.4285702980932798,0.1502507437870799,0.15152914906218898,0
2021-10,Industrials,0.09751139129389129,0.12027662938912939,183,3.1904761904761907,0.6380952380952382,0.42500870337595975,0.19026747001475475,0.19066068181818183,0
2021-10,Materials,0.06288643353174603,0.12460018353174603,86,2.4285714285714284,0.48571428571428565,0.5330804586134257,0.17205826621553735,0.1526699851190476,1
2021-10,RealEstate,0.1783223544973545,0.1783223544973545,63,2.0476190476190474,0.4095238095238095,0.6144968145988554,0.13080025126109737,0.09999642857142858,0
2021-10,Tech,0.10356124442554801,0.12369764918745278,371,4.523809523809524,0.9047619047619048,0.29515653507509904,0.15272834115985054,0.1562739413265306,0
2021-10,Utilities,0.122025,0.17884537037037038,62,1.9523809523809523,0.3904761904761904,0.6030573752134598,0.13176313574534934,0.10349000000000001,3
2021-11,Comm,0.07586781878306878,0.12256961772486774,217,4.0476190476190474,0.8095238095238095,0.3519730615848387,0.21673412644414025,0.2381022023809524,0
2021-11,Consumer,0.13081338570806714,0.13455617004987402,444,4.761904761904762,0.9523809523809523,0.3121152685874652,0.15360045548105258,0.16132537623616894,0
2021-11,Energy,0.043229771130952374,0.07588780882936508,235,3.3333333333333335,0.6666666666666666,0.37703121771910864,0.17953217634453633,0.1609741443452381,1
2021-11,Financials,0.10793918773123286,0.11768288614393126,313,4.0476190476190474,0.8095238095238095,0.3443984506770179,0.13873195450537104,0.15493229591836735,0
2021-11,Healthcare,0.10503119411276554,0.15786967672803387,243,3.8095238095238093,0.7619047619047619,0.40071748126027656,0.19355068732482797,0.20100786709322424,0
2021-11,Industrials,0.0926718998015873,0.13116376488095238,149,3.0476190476190474,0.6095238095238096,0.45705543328005693,0.23687737095916278,0.21466907242063493,0
2021-11,Materials,0.09426186994949495,0.12429357449494949,78,2.1904761904761907,0.43809523809523804,0.6019197530864198,0.10593637184846019,0.09961502651515151,1
2021-11,RealEstate,0.14654202614379083,0.14654202614379083,77,2.0,0.4,0.5893300653594772,0.09916209284519217,0.08571764705882354,4
2021-11,Tech,0.12408264317429478,0.13284989185154344,453,4.285714285714286,0.8571428571428571,0.3701247069142339,0.1958526506255233,0.15662072131989424,0
2021-11,Utilities,0.1735247222222222,0.17552972222222224,68,2.1904761904761907,0.43809523809523804,0.5473333333333333,0.13325790627115955,0.10775187500000001,1
2021-12,Comm,0.11486175505050505,0.13073069444444443,198,3.5,0.7000000000000001,0.45634950239262595,0.13424599278578778,0.11005425505050505,0
2021-12,Consumer,0.10030655640483098,0.11016849579877039,422,4.590909090909091,0.9181818181818181,0.2934075115906647,0.17956330014587055,0.1632617884472983,0
2021-12,Energy,0.11746190836940838,0.12480587301587302,216,3.590909090909091,0.7181818181818183,0.38572694848851136,0.16118879310716083,0.16424288419913421,0
2021-12,Financials,0.0801486898530762,0.10635549701561064,307,4.409090909090909,0.881818181818182,0.3034886598597735,0.18073210849526908,0.16447779614325067,0
2021-12,Healthcare,0.11574369432242593,0.14124918674666836,269,4.045454545454546,0.8090909090909091,0.3751598503066029,0.18711522106407755,0.16097571834415583,0
2021-12,Industrials,0.09331299603174603,0.1211748142135642,187,3.409090909090909,0.6818181818181818,0.3935452084784336,0.15082098888334206,0.12243397366522367,0
2021-12,Materials,0.10189173976608187,0.1603779970760234,75,1.9545454545454546,0.3909090909090909,0.6520276882682898,0.13418685713983072,0.12106820175438596,3
2021-12,RealEstate,0.13298424242424242,0.14860015151515152,86,2.8636363636363638,0.5727272727272728,0.42744949494949497,0.18827767234277823,0.15676704545454545,0
2021-12,Tech,0.13149478776687884,0.1487120604941516,512,4.681818181818182,0.9363636363636364,0.30853217508581127,0.14813951977202786,0.17710922711284927,0
2021-12,Utilities,0.18060952380952383,0.21726825396825397,55,2.0454545454545454,0.4090909090909091,0.5978835978835979,0.1261720257046352,0.11068809523809524,1
2022-01,Comm,0.14064251928002552,0.1600849440699415,392,4.35,0.8699999999999999,0.3932853167857826,0.1684655737226968,0.16025492119828702,0
2022-01,Consumer,0.0818774353767148,0.0848656853767148,433,4.85,0.97,0.2713158299115311,0.12702372764549802,0.09730041672951231,0
2022-01,Energy,0.13721047847603784,0.14102447847603786,412,4.35,0.8699999999999999,0.33091954122511746,0.14610939874072193,0.17374540947420636,0
2022-01,Financials,0.133537502229324,0.133537502229324,607,4.8,0.96,0.2826203730978175,0.11952189526977017,0.10923518916459359,0
2022-01,Healthcare,0.09953920873015873,0.11732440873015873,320,4.6,0.9199999999999999,0.27524398180497656,0.13197134420930107,0.1471903988095238,0
2022-01,Industrials,0.13423183126059787,0.13423183126059787,363,4.25,0.85,0.3569978500191787,0.15852534155474265,0.17522686375062846,0
2022-01,Materials,0.08830669444444444,0.09395002777777778,106,2.65,0.53,0.5370177524970181,0.10426016106185401,0.09755937499999999,0
2022-01,RealEstate,0.1621753125,0.19167385416666666,112,3.35,0.67,0.38630322030863157,0.20276202808523638,0.1708765625,0
2022-01,Tech,0.13746283786199825,0.14312383786199825,718,4.7,0.9400000000000001,0.283009595629205,0.10633517685294591,0.08365160990051615,0
2022-01,Utilities,0.2184215,0.2184215,120,3.5,0.7,0.4107665856344833,0.1988081158118799,0.18567479166666667,0
2022-02,Comm,0.11616900208855474,0.14444155847953216,242,4.315789473684211,0.863157894736842,0.3322622412078656,0.20952441135863542,0.1815085275689223,0
2022-02,Consumer,0.08038632851651273,0.095265050321024,521,5.0,1.0,0.27278087471859214,0.15406225922631775,0.16598497382670727,0
2022-02,Energy,0.10518941214519018,0.10924376302238316,464,4.578947368421052,0.9157894736842105,0.3227553848518315,0.14533020348583991,0.14806248680508408,0
2022-02,Financials,0.06106380541790082,0.08182089257708665,350,4.473684210526316,0.8947368421052632,0.284571138332738,0.14985212588704816,0.16529956114243943,0
2022-02,Healthcare,0.10903867945504789,0.12993777719940877,298,4.473684210526316,0.8947368421052632,0.3124957503779547,0.1675692336930056,0.14664461361737677,0
2022-02,Industrials,0.08486372855933695,0.10545062837466473,240,4.052631578947368,0.8105263157894737,0.35723537633871133,0.17420625234814535,0.1645932809820604,0
2022-02,Materials,0.06472839766081873,0.11145990643274853,93,2.8947368421052633,0.5789473684210527,0.4415204678362573,0.17584018346023225,0.13990921052631577,0
2022-02,RealEstate,0.14659839912280703,0.14971945175438597,118,3.3157894736842106,0.6631578947368421,0.41313011350690776,0.15370353105208406,0.14257006578947368,0
2022-02,Tech,0.11467977039094754,0.12024405610523325,712,4.894736842105263,0.9789473684210527,0.31296339708349186,0.13774630578684374,0.12833584030076678,0
2022-02,Utilities,0.20467594883040938,0.20467594883040938,166,4.0,0.7999999999999999,0.34249664211752257,0.1657194868732957,0.16769418859649124,0
2022-03,Comm,0.06563763181504485,0.1331529651483782,198,3.608695652173913,0.7217391304347827,0.3999172216907923,0.18873187383121967,0.19166597826086956,0
2022-03,Consumer,0.1013078687888199,0.10504310688405798,550,4.869565217391305,0.9739130434782608,0.2748817572608472,0.12824863077151274,0.1360621407004831,0
2022-03,Energy,0.13672337030570497,0.13672337030570497,719,4.869565217391305,0.9739130434782608,0.27277688676455275,0.1663224783456771,0.17262785681868348,0
2022-03,Financials,0.09851343690608907,0.11568915557148167,375,4.217391304347826,0.8434782608695653,0.32546668095329595,0.1920136410823859,0.17579048773690079,0
2022-03,Healthcare,0.07877220151828848,0.1043784696342305,251,4.260869565217392,0.8521739130434783,0.308162896680819,0.2075173227556922,0.20892934782608694,0
2022-03,Industrials,0.11487048461683244,0.13937501346962217,363,4.217391304347826,0.8434782608695651,0.41278385376885457,0.18355767211483826,0.20281333066691765,0
2022-03,Materials,0.14530227053140096,0.15114212560386472,96,2.652173913043478,0.5304347826086956,0.5155012077294686,0.13710165621605466,0.1198965579710145,0
2022-03,RealEstate,0.1497468417874396,0.15465408816425122,138,3.3043478260869565,0.6608695652173914,0.40963954973789346,0.16619719227602103,0.127961865942029,0
2022-03,Tech,0.13096049449825536,0.13096049449825536,705,4.826086956521739,0.9652173913043478,0.27325526836394387,0.12267365533059774,0.11195170248230032,0
2022-03,Utilities,0.19180981884057968,0.20609329710144927,99,2.652173913043478,0.5304347826086956,0.5522231533515177,0.10101254543161255,0.08268144927536232,0
2022-04,Comm,0.09534090726141334,0.11350917392807999,265,3.75,0.75,0.42882157119474157,0.15795851945213427,0.13686119881505232,0
2022-04,Consumer,0.09243036081359816,0.0938981941469315,503,4.85,0.97,0.2676519234993487,0.13012749643135857,0.11798706428571429,0
2022-04,Energy,0.17784051216329969,0.18595039364478114,462,4.55,0.9099999999999999,0.291455469572719,0.16024364215960196,0.16596468253968252,0
2022-04,Financials,0.10072883636876195,0.11182502135044695,523,4.65,0.93,0.29196476936527843,0.1494493903580951,0.14350457191207486,0
2022-04,Healthcare,0.12314584454365078,0.1284222683531746,317,4.55,0.9099999999999999,0.27923040123791804,0.16253160110371973,0.1850517425595238,0
2022-04,Industrials,0.07471733629148629,0.09127121767676767,328,4.35,0.8699999999999999,0.32994752346397643,0.16339829339334416,0.1605755992063492,0
2022-04,Materials,0.12731624444444445,0.13454346666666667,180,3.5,0.7,0.4072044609223056,0.11900274674262427,0.12959425,0
2022-04,RealEstate,0.11574213333333334,0.13546561666666668,144,3.6,0.72,0.364776427827023,0.1728016468258682,0.1528785,0
2022-04,Tech,0.12572172358571618,0.12572172358571618,600,4.8,0.96,0.2845513582874118,0.12173898552714321,0.09812106617477917,0
2022-04,Utilities,0.21078612134502925,0.21078612134502925,124,2.9,0.58,0.45949319781118636,0.17093814688726022,0.18654673245614037,1
2022-05,Comm,0.0763487135298564,0.08846061829176115,225,4.142857142857143,0.8285714285714285,0.3483518634033992,0.18696600861193893,0.178500589569161,0
2022-05,Consumer,0.07746773684007582,0.0886803989715951,668,4.9523809523809526,0.9904761904761905,0.36138654908865075,0.16662708379091068,0.12491469154951992,0
2022-05,Energy,0.16642518782143784,0.16642518782143784,576,4.571428571428571,0.9142857142857143,0.2690575213521719,0.13422607151405302,0.15033654140171998,0
2022-05,Financials,0.10490115891912322,0.11998601606198035,300,4.571428571428571,0.9142857142857143,0.28497728603883177,0.15312789495009793,0.15062691893424035,0
2022-05,Healthcare,0.06670237953514739,0.0935577168367347,272,4.333333333333333,0.8666666666666666,0.30472888775743706,0.16803375359922884,0.16775493339002268,0
2022-05,Industrials,0.15579240639959688,0.15579240639959688,243,4.238095238095238,0.8476190476190476,0.34194895663391484,0.25061987638271693,0.20225819727891153,0
2022-05,Materials,0.11561514550264551,0.15358339947089947,95,2.5238095238095237,0.5047619047619047,0.5397145286686102,0.17455455238904688,0.14727837301587302,0
2022-05,RealEstate,0.1314139537037037,0.13726474735449737,143,3.619047619047619,0.7238095238095238,0.35494992862829394,0.16862540371716012,0.15819434523809525,0
2022-05,Tech,0.13101968181039234,0.13550186645775555,589,4.904761904761905,0.980952380952381,0.32303068243863897,0.14610283561600745,0.13201727731854612,0
2022-05,Utilities,0.1625665088813303,0.1646673403250189,146,3.0476190476190474,0.6095238095238096,0.45605186967095096,0.138388029908908,0.1368305470521542,0
2022-06,Comm,0.09147376766817839,0.1064344025888133,198,3.857142857142857,0.7714285714285714,0.3816624437616144,0.14433043967651754,0.13058301445578233,0
2022-06,Consumer,0.08564638454208004,0.1003451147008102,585,4.809523809523809,0.9619047619047618,0.2799937791767421,0.17731781382259362,0.1666446786247726,0
2022-06,Energy,0.14139977100475,0.15469964402062303,500,4.714285714285714,0.9428571428571428,0.29279674319675675,0.1512017720267179,0.12747094700467598,0
2022-06,Financials,0.08216731528722601,0.09973498573318217,347,4.428571428571429,0.8857142857142858,0.2845191010174763,0.17758834914103996,0.18917006944444445,0
2022-06,Healthcare,0.13969956897203326,0.16487445256991687,255,4.095238095238095,0.819047619047619,0.3123133001615531,0.2026715028096866,0.21580366496598638,0
2022-06,Industrials,0.1291438310056346,0.13318695269875627,289,4.380952380952381,0.8761904761904761,0.3238147739681313,0.2062276036102028,0.2287607145863396,0
2022-06,Materials,0.10910958994708994,0.12683578042328042,123,3.142857142857143,0.6285714285714287,0.4089783470707507,0.22297786753199852,0.17812289682539684,0
2022-06,RealEstate,0.15610051587301588,0.17735289682539682,147,3.5238095238095237,0.7047619047619048,0.3749510640759868,0.18102180952552413,0.16079769841269842,0
2022-06,Tech,0.11894742102309068,0.1198815162611859,515,4.857142857142857,0.9714285714285713,0.2689650088741265,0.1210958520015178,0.13283208160721555,0
2022-06,Utilities,0.20224890211640215,0.20224890211640215,142,3.6666666666666665,0.7333333333333334,0.34900690232219816,0.21773197498063876,0.21527123015873015,0
2022-07,Comm,0.06404605863095239,0.1061557808531746,248,3.7,0.74,0.39589877574573284,0.15230067470443434,0.1270675550595238,0
2022-07,Consumer,0.08575508816759718,0.0929923381675972,550,4.8,0.96,0.28312306175966456,0.1631518445444686,0.1562257212743299,0
2022-07,Energy,0.19903141016067266,0.19903141016067266,546,4.9,0.9800000000000001,0.2640850381378276,0.14026249278571462,0.15550732656926408,0
2022-07,Financials,0.07107632248033828,0.0889714391927925,429,4.7,0.9400000000000001,0.29657670745719455,0.18978220331415394,0.22994154143099546,0
2022-07,Healthcare,0.0820993070887446,0.10317099756493506,353,4.7,0.9400000000000001,0.3079435796486322,0.18033369734085186,0.22210855654761907,0
2022-07,Industrials,0.10435824057539682,0.10784101835317461,263,3.75,0.75,0.3947223077762205,0.15945567276067668,0.1721530550595238,0
2022-07,Materials,0.06909379481792717,0.12378962815126052,134,3.05,0.6100000000000001,0.48575177981109807,0.164542296095898,0.13244952380952382,0
2022-07,RealEstate,0.14331920416666666,0.19036362083333333,155,4.0,0.8,0.3167658075817989,0.24702383100365993,0.2742339791666667,0
2022-07,Tech,0.13119643497189942,0.13119643497189942,504,4.75,0.95,0.2704859285125965,0.1263447590248394,0.12006085706690969,0
2022-07,Utilities,0.18835401629072682,0.19417506892230577,154,3.7,0.74,0.31873276525508065,0.21832979912091566,0.2421302568922306,1
2022-08,Comm,0.0429670175120773,0.11487016968599034,273,4.217391304347826,0.8434782608695651,0.3185638922867216,0.1817788474961368,0.17448013586956523,0
2022-08,Consumer,0.08115034769469837,0.08517371001353893,630,4.782608695652174,0.9565217391304348,0.31596334462354486,0.16205263094240682,0.1278561324197052,0
2022-08,Energy,0.15512989216362874,0.15851560230855627,544,4.3478260869565215,0.8695652173913043,0.2888975437069648,0.1295975939749165,0.15276021260744085,0
2022-08,Financials,0.11702238034851621,0.12420227165286404,242,4.086956521739131,0.8173913043478261,0.32775180521787173,0.20698969190919708,0.2119272399068323,0
2022-08,Healthcare,0.08433218115942029,0.11859285748792271,262,4.173913043478261,0.8347826086956521,0.3475455888525849,0.17695609944973717,0.181659190821256,0
2022-08,Industrials,0.11034097242129852,0.12956224704039923,175,3.347826086956522,0.6695652173913044,0.37585812763141396,0.17330203677717212,0.15843800923713966,0
2022-08,Materials,0.08438733333333334,0.08438733333333334,86,2.4347826086956523,0.4869565217391304,0.47082585973245317,0.13869360189405983,0.11419833333333333,3
2022-08,RealEstate,0.18538829710144927,0.18884047101449278,157,3.5652173913043477,0.7130434782608697,0.34033666480259744,0.194267742711736,0.17619985507246377,0
2022-08,Tech,0.1269683932932181,0.13045267900750382,580,4.739130434782608,0.9478260869565218,0.3013360034879571,0.13745998281702682,0.1279831467003206,0
2022-08,Utilities,0.20243074689440996,0.20435538457556934,179,3.347826086956522,0.6695652173913044,0.40644421633401195,0.14383100604917826,0.13939449016563146,0
2022-09,Comm,0.10184544623101767,0.10485195416752562,243,4.095238095238095,0.819047619047619,0.332772375572402,0.16551785785652384,0.1896515692640693,0
2022-09,Consumer,0.1329468340505394,0.1376684213521267,490,4.857142857142857,0.9714285714285713,0.2809385390744377,0.16856556724401198,0.14540487457482992,0
2022-09,Energy,0.1777113056500378,0.1894399025888133,380,4.380952380952381,0.8761904761904761,0.32076261057908395,0.16225494571577462,0.16833741260393045,0
2022-09,Financials,0.11756915381708238,0.12248280461073319,297,4.523809523809524,0.9047619047619048,0.3006217179229515,0.19234223926278618,0.18062469009826151,0
2022-09,Healthcare,0.09479242063492063,0.10732250000000002,272,4.428571428571429,0.8857142857142858,0.2825145395373382,0.1791131312755791,0.1711558560090703,0
2022-09,Industrials,0.10988718287314926,0.11349460350806988,202,3.4761904761904763,0.6952380952380952,0.3916653035654917,0.20537649291916985,0.18150149626517273,0
2022-09,Materials,0.08861277777777778,0.10739736111111112,94,2.6666666666666665,0.5333333333333334,0.4826186224489796,0.16774221617939827,0.14126500000000003,1
2022-09,RealEstate,0.20397955215419503,0.21733280612244898,134,3.238095238095238,0.6476190476190476,0.43696358084680076,0.16387975352848377,0.16176756235827666,0
2022-09,Tech,0.06825645869114173,0.08331617193717797,599,4.9523809523809526,0.9904761904761905,0.26268967088663514,0.1410586651951875,0.11398273298208172,0
2022-09,Utilities,0.21806082671957672,0.22277669973544975,152,3.6666666666666665,0.7333333333333334,0.39954552420178063,0.16365684289270113,0.1922203373015873,0
2022-10,Comm,0.11446831009070295,0.13555356141345426,230,3.857142857142857,0.7714285714285714,0.3787747930031917,0.1740432230079637,0.16526686413454272,0
2022-10,Consumer,0.0908943246409675,0.09492607067271354,445,4.809523809523809,0.9619047619047618,0.26916463750227393,0.1312915130327052,0.1320639417989418,0
2022-10,Energy,0.12216447484129629,0.12374721293653437,503,4.666666666666667,0.9333333333333333,0.322555112113463,0.1637044177223657,0.17309719409558696,0
2022-10,Financials,0.09140566674085396,0.13471286250804973,435,4.523809523809524,0.9047619047619048,0.30599913629396014,0.14635812426067188,0.1376548262852572,0
2022-10,Healthcare,0.05319287171888958,0.11997763362365149,288,4.380952380952381,0.8761904761904761,0.3036173173837318,0.1469891782406151,0.12288311632481275,0
2022-10,Industrials,0.15322564553171697,0.162073264579336,204,3.4761904761904763,0.6952380952380952,0.3655694211098969,0.2016136852518864,0.1853435150299436,0
2022-10,Materials,0.06988596560846562,0.11129548941798942,91,2.761904761904762,0.5523809523809524,0.46899214447683835,0.13527797027769956,0.11083869047619047,0
2022-10,RealEstate,0.12337151870748299,0.1271007885487528,160,3.6666666666666665,0.7333333333333334,0.3967216816492937,0.18384525038622476,0.17710756519274376,0
2022-10,Tech,0.06937372563443239,0.0952438465716962,562,4.761904761904762,0.9523809523809523,0.2858609887895908,0.1335074985666333,0.14971764246474772,0
2022-10,Utilities,0.17389994047619048,0.18328867063492063,157,4.0,0.8,0.3398479885781473,0.1794813485022742,0.16146220238095238,0
2022-11,Comm,0.12463159627739984,0.143714453420257,168,3.5238095238095237,0.7047619047619048,0.4375513374953129,0.17173517673111982,0.13333229166666666,0
2022-11,Consumer,0.10964332079418143,0.11867200560143767,594,4.761904761904762,0.9523809523809523,0.33007697433823563,0.15606939855803154,0.16247931186149675,0
2022-11,Energy,0.1239275335914086,0.13771586692474194,427,4.619047619047619,0.9238095238095237,0.2894971022685663,0.14456190480066275,0.16392989584819942,0
2022-11,Financials,0.10596633938019652,0.11291506953892667,214,4.0476190476190474,0.8095238095238095,0.3068704381252184,0.15865331087140827,0.17373840702947843,0
2022-11,Healthcare,0.11022840589569162,0.1395680487528345,310,4.619047619047619,0.9238095238095237,0.27588951303675907,0.16280191964943694,0.14057384920634922,0
2022-11,Industrials,0.09858358465608465,0.10669231481481481,134,3.238095238095238,0.6476190476190476,0.3874690104954483,0.14822224903909223,0.1430123015873016,0
2022-11,Materials,0.1150349081035923,0.12839324143692565,81,2.2857142857142856,0.45714285714285713,0.5524101921470342,0.11533944475376078,0.09569937343358396,2
2022-11,RealEstate,0.14518907163742692,0.2324107090643275,95,2.5238095238095237,0.5047619047619047,0.46131067509417234,0.1339206588718514,0.1227097587719298,2
2022-11,Tech,0.09141093602825745,0.1018296714779929,460,4.666666666666667,0.9333333333333333,0.287223402371913,0.13169803838196778,0.13517348428687714,0
2022-11,Utilities,0.17387814583333333,0.17510147916666668,126,3.3333333333333335,0.6666666666666666,0.365043080451495,0.1712917144699556,0.13508985416666666,1
2022-12,Comm,0.07510788869992442,0.1304499521919879,182,3.619047619047619,0.7238095238095238,0.39124853820870104,0.22299753188410565,0.21169965136054422,0
2022-12,Consumer,0.12281185276694206,0.12901238667747597,490,4.666666666666667,0.9333333333333333,0.292276532420019,0.16296159727931359,0.14480795448268663,0
2022-12,Energy,0.15711031987324844,0.1617722881272167,352,4.619047619047619,0.9238095238095237,0.28884908937720555,0.14884058141633272,0.14960017486481772,0
2022-12,Financials,0.0895450312134955,0.12777857955404384,288,4.285714285714286,0.8571428571428571,0.3278326211451248,0.17452959565523157,0.17923785894660896,0
2022-12,Healthcare,0.08039890922743367,0.1120876507240323,331,4.523809523809524,0.9047619047619048,0.31141832096883093,0.1784084896290665,0.17875312452758882,0
2022-12,Industrials,0.13335310563114136,0.16768834372637945,197,3.5238095238095237,0.7047619047619048,0.3710915899108708,0.1608237697233142,0.1855328486394558,0
2022-12,Materials,0.036949166666666665,0.15092916666666667,62,2.0952380952380953,0.41904761904761906,0.5556122448979591,0.11953681528322897,0.092155,1
2022-12,RealEstate,0.17691323099415204,0.19823369883040934,96,2.619047619047619,0.5238095238095238,0.44460410284971685,0.1951182406541021,0.1590673245614035,2
2022-12,Tech,0.08623097276334776,0.10596419787157287,437,4.571428571428571,0.9142857142857143,0.2784582664480291,0.12345196596379694,0.11466807114512473,0
2022-12,Utilities,0.2086030291005291,0.22302445767195764,96,2.9523809523809526,0.5904761904761905,0.4325663325294845,0.17852194051398967,0.16951464285714285,0
2023-01,Comm,0.13520538728354978,0.14497472061688313,219,3.65,0.73,0.40195065611802344,0.14878870762785132,0.1435601377164502,0
2023-01,Consumer,0.11468374183760684,0.11498332755189256,487,4.9,0.9800000000000001,0.2655888352018565,0.13502197713373545,0.15685579960317458,0
2023-01,Energy,0.16649982916903358,0.16649982916903358,521,4.6,0.9199999999999999,0.3236776875047811,0.14493133173175993,0.14585384577228327,0
2023-01,Financials,0.10311533385558462,0.10861253385558463,526,4.65,0.93,0.2984517928383134,0.15142688274074473,0.14600619620643956,0
2023-01,Healthcare,0.11363018528244631,0.12265172940009336,293,4.5,0.9,0.2819482228093462,0.16841053299907516,0.15573024375583566,0
2023-01,Industrials,0.09991763575884899,0.11307067742551566,286,3.6,0.72,0.3481832581686732,0.15620832987776628,0.14894278507766742,0
2023-01,Materials,0.12459702916666666,0.13362742916666664,154,3.5,0.7,0.3632300028414747,0.18574803911408636,0.14951927083333333,0
2023-01,RealEstate,0.12724889583333335,0.13024222916666667,130,3.25,0.65,0.41867735042735044,0.16065006334103787,0.14184927083333335,0
2023-01,Tech,0.0993475616551842,0.10016033101545356,600,4.75,0.95,0.26864415377269174,0.12860998583599192,0.09168406273691694,0
2023-01,Utilities,0.15951427777777777,0.17201427777777778,142,3.65,0.73,0.38507440476190474,0.16578301074384214,0.15336149999999998,0
2023-02,Comm,0.10270809857978279,0.10483099331662489,187,4.157894736842105,0.8315789473684211,0.3114908764467758,0.16245884587479506,0.1557535087719298,0
2023-02,Consumer,0.10347024734053001,0.10347024734053001,541,4.7368421052631575,0.9473684210526315,0.306731799280337,0.10828268796464251,0.1252297285893679,0
2023-02,Energy,0.08450271666540088,0.10757125968962811,377,4.631578947368421,0.9263157894736843,0.29033285012094523,0.14566022456586875,0.1601014306599833,0
2023-02,Financials,0.07397509699437989,0.08993183070365307,290,4.368421052631579,0.8736842105263158,0.3097310096970541,0.16519308820178255,0.15697000963583202,0
2023-02,Healthcare,0.09509690664160401,0.10219787155388471,317,4.2631578947368425,0.8526315789473684,0.3032322803785616,0.1664677908519292,0.1548160171261487,0
2023-02,Industrials,0.11869122807017543,0.1258701754385965,154,3.4210526315789473,0.6842105263157895,0.3579367565739746,0.15531035092289347,0.12281978070175438,0
2023-02,Materials,0.07497515037593985,0.09794515037593984,145,3.210526315789474,0.6421052631578947,0.46856724146870665,0.12761670947575485,0.10486615914786968,0
2023-02,RealEstate,0.1277621940267335,0.1277621940267335,165,3.736842105263158,0.7473684210526317,0.3458580674321164,0.16519124641904306,0.1533253080618212,0
2023-02,Tech,0.11494847329078713,0.12757435449838278,584,4.842105263157895,0.9684210526315788,0.3066786281331723,0.1597509987855098,0.14495044076998717,0
2023-02,Utilities,0.16590951083200425,0.16808319504253055,201,4.157894736842105,0.8315789473684211,0.31146168216493175,0.15451040926864706,0.15690503090111643,0
2023-03,Comm,0.121295538647343,0.14985981400966183,183,3.4782608695652173,0.6956521739130435,0.40005477186486393,0.19463127429725385,0.17668512939958592,0
2023-03,Consumer,0.08345831218298609,0.09926262879391141,514,4.826086956521739,0.9652173913043478,0.267232553357833,0.17707091593814295,0.1749739391888305,0
2023-03,Energy,0.12564457039337473,0.1325842370600414,479,4.782608695652174,0.9565217391304348,0.27218178728900194,0.1275653290169835,0.12374382160110421,0
2023-03,Financials,0.06795597079490558,0.10167714307673004,513,4.869565217391305,0.9739130434782608,0.2682151191196624,0.1471446247203511,0.15003308402346446,0
2023-03,Healthcare,0.10345974482401657,0.10483377380952383,318,4.521739130434782,0.9043478260869565,0.26632232209012335,0.1491403418892681,0.14395378623188404,0
2023-03,Industrials,0.167792316252588,0.17207444185645274,214,3.391304347826087,0.6782608695652174,0.36385706746778185,0.18616791928405152,0.17237866718426503,0
2023-03,Materials,0.0893155000313696,0.09533651452412321,174,3.4347826086956523,0.6869565217391305,0.4047913738859749,0.14009310491168503,0.11540979484283832,0
2023-03,RealEstate,0.15638921497584543,0.1575109541062802,145,3.5217391304347827,0.7043478260869565,0.3694563209827656,0.15364749860785584,0.1789764855072464,0
2023-03,Tech,0.11183700650674651,0.11296002928107363,692,4.913043478260869,0.982608695652174,0.2770707088620956,0.1111573112403185,0.12340632854162746,0
2023-03,Utilities,0.1624321920289855,0.16438170893719806,153,3.5217391304347827,0.7043478260869565,0.38843345375993893,0.201468060079589,0.18232164855072466,0
2023-04,Comm,0.05869143926930769,0.06603402996321417,303,4.105263157894737,0.8210526315789474,0.3750082869909547,0.08651493765898358,0.0764727349404981,0
2023-04,Consumer,0.09585627478192331,0.10094341763906617,517,4.947368421052632,0.9894736842105264,0.2705758003555713,0.13986050150114804,0.11907125104427736,0
2023-04,Energy,0.1188753390030211,0.12379141933543106,553,4.684210526315789,0.9368421052631579,0.3031324601945405,0.11025869048329645,0.12057843517213265,0
2023-04,Financials,0.07872877224067824,0.08696525800053241,641,4.842105263157895,0.9684210526315788,0.28772314219134654,0.11439522958298906,0.1330784958958401,0
2023-04,Healthcare,0.0692068944386367,0.09110422777197004,388,4.842105263157895,0.9684210526315788,0.28182817516004666,0.14010571450572135,0.14419874686716794,0
2023-04,Industrials,0.10182383894431592,0.10399664596185978,304,3.8421052631578947,0.768421052631579,0.3266562334370063,0.16494001565162286,0.17167081869336803,0
2023-04,Materials,0.08678745029239765,0.09538666081871346,156,3.6315789473684212,0.7263157894736842,0.3940519096288327,0.12421834310041766,0.11379796992481202,0
2023-04,RealEstate,0.1101918045112782,0.12295847117794485,169,3.526315789473684,0.7052631578947368,0.3961482456989691,0.152253593232233,0.15347416666666666,0
2023-04,Tech,0.1487456418161285,0.1487456418161285,691,4.947368421052632,0.9894736842105264,0.311903855459091,0.13891807232459982,0.13827393654514153,0
2023-04,Utilities,0.17083184255510572,0.17083184255510572,182,4.157894736842105,0.8315789473684211,0.35246095842514774,0.16617305452622377,0.19252882591093118,0
2023-05,Comm,0.10570844480519481,0.10996003571428571,284,4.318181818181818,0.8636363636363636,0.3413317980808766,0.15672008809940455,0.14483137445887448,0
2023-05,Consumer,0.07499987706522533,0.07723446980581807,640,4.7727272727272725,0.9545454545454546,0.31943747129891964,0.1267349236348847,0.11718293856896965,0
2023-05,Energy,0.09927414271788894,0.10520515354039978,521,4.454545454545454,0.890909090909091,0.29337399350074006,0.10991809034156433,0.12881908702973,0
2023-05,Financials,0.04508070507270508,0.08095340348540349,417,4.954545454545454,0.990909090909091,0.2638375623352116,0.139691868493116,0.12591674242424242,0
2023-05,Healthcare,0.08939100992063492,0.10957469931457432,314,4.636363636363637,0.9272727272727272,0.28547049120654155,0.16585741003382773,0.16761531114718614,0
2023-05,Industrials,0.10771758207070707,0.12705167297979797,217,3.5,0.7000000000000001,0.33864714123127587,0.15645375775123543,0.14043018127705628,0
2023-05,Materials,0.08101316305916306,0.11988020851370851,141,2.8636363636363638,0.5727272727272728,0.5294491754224825,0.13810178500348008,0.12148478354978355,0
2023-05,RealEstate,0.11896410984848484,0.12012395833333334,139,3.409090909090909,0.6818181818181818,0.43821604651961793,0.13540296968124163,0.14120157196969696,0
2023-05,Tech,0.10737064859026205,0.10737064859026205,1095,4.7727272727272725,0.9545454545454546,0.3615442406662415,0.10395793796434129,0.12594947976714274,0
2023-05,Utilities,0.14917429202741703,0.18201065566378063,164,3.5454545454545454,0.7090909090909091,0.40746125877819944,0.1784275654519213,0.19981757305194806,0
2023-06,Comm,0.11664211233211234,0.1308348321123321,250,3.761904761904762,0.7523809523809524,0.3646718255804635,0.14010420333069695,0.13439350122100122,0
2023-06,Consumer,0.07543527112041398,0.07987646159660446,570,4.9523809523809526,0.9904761904761905,0.25157250381953766,0.09766760103397479,0.1056293291761149,0
2023-06,Energy,0.07347992937882224,0.07347992937882224,409,4.761904761904762,0.9523809523809523,0.2845019357794085,0.12942876904813658,0.1290042334054834,0
2023-06,Financials,0.09118788880960309,0.10462443302729017,510,4.809523809523809,0.9619047619047618,0.2771348755841788,0.1362770550997483,0.1252203625871483,0
2023-06,Healthcare,0.12343362622826907,0.13567345993953137,298,4.523809523809524,0.9047619047619048,0.2918075748186591,0.18487020644333163,0.15518465986394558,0
2023-06,Industrials,0.11741106627499485,0.12727951298701298,257,3.6666666666666665,0.7333333333333334,0.33107219740175353,0.16217565215208637,0.14791734178519894,0
2023-06,Materials,0.12265172335600907,0.1428950566893424,128,3.238095238095238,0.6476190476190476,0.38723528997209683,0.20983653962799317,0.16862057823129253,0
2023-06,RealEstate,0.11926451058201058,0.14270578042328042,129,3.238095238095238,0.6476190476190476,0.44336094834832207,0.14687036974114528,0.11594503968253968,0
2023-06,Tech,0.10958478616539705,0.10958478616539705,1242,5.0,1.0,0.3255594446774852,0.09033992054610215,0.09420576070058238,0
2023-06,Utilities,0.18644888194444445,0.20375554861111111,148,3.2857142857142856,0.6571428571428571,0.3901572754446131,0.15322320113659518,0.1606316875,1
2023-07,Comm,0.09824930915232644,0.11405850316942046,413,4.4,0.8800000000000001,0.33920459347197374,0.13948342972735012,0.145245448019505,0
2023-07,Consumer,0.10622586616453722,0.10622586616453722,543,4.8,0.96,0.25615263068089905,0.11889103191142927,0.14202530572132546,0
2023-07,Energy,0.09350358846817433,0.10390151386499973,565,4.85,0.97,0.29588688278349323,0.12078763340736706,0.10914399347029782,0
2023-07,Financials,0.08253773374534822,0.08337403930090377,766,4.95,0.99,0.2618505205764646,0.1164266824387246,0.128739148989899,0
2023-07,Healthcare,0.10045012553661617,0.11609720432449495,381,4.85,0.97,0.2756566582569372,0.19132572284647437,0.13549980774260462,0
2023-07,Industrials,0.09139910599595553,0.10809362682928887,323,3.8,0.76,0.3591103261837561,0.1580907277476851,0.1436969451779406,0
2023-07,Materials,0.08098701706918811,0.08562280654287233,156,3.5,0.7,0.4014137726180195,0.12263905695216074,0.11984918688767372,1
2023-07,RealEstate,0.14827110932539683,0.14995720456349207,198,4.0,0.8,0.3448676004955701,0.14380517969563594,0.1560123005952381,0
2023-07,Tech,0.1352870212664366,0.1352870212664366,1130,5.0,1.0,0.31561216657797125,0.10638534151935812,0.10081001040659077,0
2023-07,Utilities,0.17996248214285715,0.18139248214285714,169,3.45,0.6900000000000001,0.41997486148272867,0.15597498605182988,0.15780820833333334,0
2023-08,Comm,0.0947439813089487,0.10346832913503566,316,4.130434782608695,0.8260869565217391,0.3221785094176054,0.12413639546543179,0.11988062198067632,0
2023-08,Consumer,0.08339779417632964,0.08351850432125718,768,4.956521739130435,0.991304347826087,0.30018960894796426,0.11225098226111571,0.13848591175986485,0
2023-08,Energy,0.10959181551801661,0.12007779048507851,505,4.521739130434782,0.9043478260869565,0.31091444752408715,0.16279258055897688,0.17693062003515808,0
2023-08,Financials,0.05782807990560164,0.08122253475509997,475,4.956521739130435,0.991304347826087,0.26307497458547185,0.14582488987138645,0.14947056400121617,0
2023-08,Healthcare,0.11661856482587461,0.1247061300432659,391,4.434782608695652,0.8869565217391305,0.2973159608748653,0.17214844598589818,0.15552996234140257,0
2023-08,Industrials,0.08480837922360167,0.09501522786694917,317,3.5652173913043477,0.7130434782608697,0.4201003223497399,0.12122294151669673,0.12266969520372839,0
2023-08,Materials,0.1255088813303099,0.1255088813303099,125,2.9130434782608696,0.5826086956521739,0.46027979396678154,0.10622986354781688,0.08490781179138322,2
2023-08,RealEstate,0.10953166666666667,0.11929514492753623,173,3.739130434782609,0.7478260869565218,0.38794038307754664,0.15141808745620872,0.1529713768115942,0
2023-08,Tech,0.11413745662485943,0.11413745662485943,1448,4.913043478260869,0.982608695652174,0.4157450345996256,0.10623519391676807,0.10494078147964638,0
2023-08,Utilities,0.13278807850241545,0.1404541654589372,197,3.739130434782609,0.7478260869565218,0.38241800264310577,0.15883747468397197,0.13783911231884058,0
2023-09,Comm,0.11359547142857143,0.11913105476190475,215,3.9,0.78,0.35999080698472974,0.16130446010719207,0.16825075595238098,0
2023-09,Consumer,0.098527105992655,0.10799133932598834,635,4.8,0.96,0.2886494280671402,0.13166794974450788,0.15047085545357422,0
2023-09,Energy,0.13069300918942167,0.13436153895132646,472,4.65,0.93,0.3417779427609317,0.1884174519734772,0.17995370445526696,0
2023-09,Financials,0.13503466720085472,0.1352968672008547,438,4.75,0.95,0.2822540852456997,0.13998753629558497,0.14343659134615386,0
2023-09,Healthcare,0.07223504454365079,0.12057729990079365,269,4.6,0.9199999999999999,0.27941308528523867,0.19416280023792948,0.21633329910714286,0
2023-09,Industrials,0.14749050099206348,0.14749050099206348,285,3.9,0.78,0.32393541118272035,0.1524024752826664,0.17246522916666668,0
2023-09,Materials,0.07339608333333333,0.09824733333333333,120,3.4,0.6799999999999999,0.4236977845872077,0.14875126487128404,0.14602033333333334,0
2023-09,RealEstate,0.18982459166666668,0.20888792500000003,147,3.85,0.77,0.3276176114311312,0.21362556212339534,0.19765529166666668,0
2023-09,Tech,0.1263596266785033,0.12733810450108393,1182,5.0,1.0,0.33766531642971864,0.10374052978034132,0.10691506393141363,0
2023-09,Utilities,0.16023629974747475,0.17960293308080807,174,3.95,0.79,0.3630083176295714,0.16411779381467065,0.18202110984848485,0
2023-10,Comm,0.09227235303417122,0.10939215101396921,305,3.8181818181818183,0.7636363636363637,0.39355667757869084,0.12312212657914469,0.13291214516964517,0
2023-10,Consumer,0.11014524278625415,0.11184236399837535,667,4.954545454545454,0.990909090909091,0.2611413209338825,0.12829272841848277,0.12279684197746699,0
2023-10,Energy,0.11789979541051729,0.13647119115618575,749,4.409090909090909,0.8818181818181817,0.3388181736337245,0.12100754044449676,0.14084779066357223,0
2023-10,Financials,0.09619079000767593,0.1012989230608972,597,4.5,0.9,0.3110465622453441,0.12010343869408935,0.13051176223881336,0
2023-10,Healthcare,0.1091070948911535,0.11159582216388078,419,4.7727272727272725,0.9545454545454546,0.28227499795032357,0.1515753827699221,0.1321325683785911,0
2023-10,Industrials,0.08714368398781171,0.09791850216962988,497,4.636363636363637,0.9272727272727272,0.3196469434002134,0.15630560049403888,0.16265877597191458,0
2023-10,Materials,0.09702593975468976,0.11604609126984128,180,3.6363636363636362,0.7272727272727273,0.37004317531099334,0.14317355585654212,0.15877219967532466,0
2023-10,RealEstate,0.16591755822018892,0.173170967311098,218,3.727272727272727,0.7454545454545454,0.36367847711150714,0.1923524527865147,0.1679103016774892,0
2023-10,Tech,0.1323173643767794,0.1323173643767794,1255,4.954545454545454,0.990909090909091,0.342012648662521,0.12961489256306413,0.12154309429074268,0
2023-10,Utilities,0.152681909992785,0.16043342514430015,213,3.6363636363636362,0.7272727272727273,0.40542900653782804,0.15459544220214758,0.14340592803030303,0
2023-11,Comm,0.0944655015117158,0.09738042214663643,239,4.0,0.8,0.3406623179101085,0.128637550002423,0.1365590873015873,0
2023-11,Consumer,0.0826801495702834,0.08892715486128869,725,4.9523809523809526,0.9904761904761905,0.29359709934718914,0.12814811738879137,0.11979270493639671,0
2023-11,Energy,0.12087279632357995,0.1336039748950085,434,4.476190476190476,0.8952380952380953,0.30197126150724013,0.11584807456464179,0.1312419633408919,0
2023-11,Financials,0.0821549663729128,0.10355201605339107,347,4.333333333333333,0.8666666666666666,0.3014059730556885,0.134701912327391,0.13133836498488285,0
2023-11,Healthcare,0.09833893311714742,0.09968766327587757,308,4.523809523809524,0.9047619047619048,0.29609697708671584,0.15057731508062586,0.17101992054242054,0
2023-11,Industrials,0.10190306393441215,0.10472118562753382,371,4.523809523809524,0.9047619047619048,0.3351504394942778,0.14648972523633763,0.158242909773758,0
2023-11,Materials,0.13381375264550263,0.13549629232804233,131,3.4761904761904763,0.6952380952380952,0.366463529856387,0.15050398029814302,0.13850505952380954,0
2023-11,RealEstate,0.11017256155881155,0.13210443986568987,168,3.2857142857142856,0.6571428571428571,0.4179374606010696,0.15062163056455832,0.13791365537240538,0
2023-11,Tech,0.16179892848850466,0.16179892848850466,1152,5.0,1.0,0.3603574209472457,0.11501025845395267,0.09577661141771539,0
2023-11,Utilities,0.18262709693877552,0.18262709693877552,181,3.4285714285714284,0.6857142857142857,0.43260432043323277,0.16473228296049477,0.15587143707482992,0
2023-12,Comm,0.13111420963912632,0.1332405985280152,196,2.5,0.5,0.3248145957244332,0.11450437365312117,0.12196457188644688,8
2023-12,Consumer,0.10475432281144781,0.10728382281144781,283,2.9,0.58,0.2536913281601852,0.12087142004404239,0.11878330357142858,8
2023-12,Energy,0.07293425774378128,0.0814821836697072,321,2.65,0.53,0.36010602210005976,0.09281124999946655,0.0706348022516699,8
2023-12,Financials,0.0920369883056758,0.09965941886123136,247,2.45,0.49000000000000005,0.3064309553411007,0.1366085093147242,0.13334463068181818,8
2023-12,Healthcare,0.10946427844955971,0.10946427844955971,201,2.5,0.5,0.3550831923575782,0.16165898964689504,0.18137940498737373,8
2023-12,Industrials,0.08812603769841271,0.10832714880952381,222,2.65,0.53,0.32213085538976455,0.16947407348013158,0.10272664682539683,8
2023-12,Materials,0.042507500000000004,0.12294152777777778,63,1.95,0.39,0.46293073402200385,0.17123636337292325,0.15235555555555555,8
2023-12,RealEstate,0.12708805555555555,0.12708805555555555,126,2.35,0.47000000000000003,0.350283727599294,0.16578395388891834,0.17058270833333333,8
2023-12,Tech,0.12922055863245005,0.13051455863245004,804,3.4,0.6799999999999999,0.5853573427190508,0.05693819771264981,0.06723447458697067,0
2023-12,Utilities,0.1650239074074074,0.1650239074074074,89,2.25,0.45,0.34220721004451166,0.16471251918201923,0.1494057638888889,8
